Name,InChIKey,Formula,Exact Mass,Mix label,RT [min],Adduct,[M+H]+,[M+NH4]+,[M+Na]+,[M-H]-,[M+FA-H]-,[M+Cl]-
unknown0,ZUDBDCBPZHGAEL-DCYCNZAJSA-N,C25H38O9,482.2515698,A_M28_negPFP_04,1.67,[M+Cl]-,0.0,0.0,0.0,0.0,0.0,517.221
unknown1,ZKCHQVRAXCCTLE-YXHZOQBQSA-N,C46H74O18,914.4874904,A_M8_negPFP_03,3.7,[M+FA-H]-,0.0,0.0,0.0,0.0,959.4857,0.0
unknown2,UYALDZZEAZIEME-MYTBKXFISA-N,C35H42O16,718.2472732,A_M3_posPFP_01,5.55,[M+H]+,719.2546,0.0,0.0,0.0,0.0,0.0
unknown3,IFQVIMQHTPDZQU-UHFFFAOYSA-N,C22H40N2O7,444.283537,A_M6_posPFP_02,5.74,[M+Na]+,0.0,0.0,467.2728,0.0,0.0,0.0
unknown4,XPXRFYSHQGUVFK-UTXMSIPTSA-N,C26H36O8,476.2410056,A_M23_posPFP_02,5.55,[M+Na]+,0.0,0.0,499.2302,0.0,0.0,0.0
unknown5,XPCKJVBBSBPFQL-DCULSWDLSA-N,C54H84O22,1084.545396,A_M26_posPFP_01,5.23,[M+NH4]+,0.0,1102.5792,0.0,0.0,0.0,0.0
unknown6,LYKXPTCUGPKDQL-ZRXCBZTOSA-N,C27H30O14,578.163548,A_M24_negPFP_03,1.99,[M-H]-,0.0,0.0,0.0,577.1563,0.0,0.0
unknown7,RZCUHAHZISRSJD-UHFFFAOYSA-N,C20H36O6,372.2511756,A_M6_negPFP_03,6.29,[M-H]-,0.0,0.0,0.0,371.2439,0.0,0.0
unknown8,WKEMJKQOLOHJLZ-UHFFFAOYSA-N,C17H25N3O2S,335.166739,E_M28_posPFP_01,3.41,[M+H]+,336.174,0.0,0.0,0.0,0.0,0.0
unknown9,YBSJFWOBGCMAKL-UHFFFAOYSA-N,C25H25N7O3,471.201878,E_M86_posPFP_01,2.25,[M+H]+,472.2092,0.0,0.0,0.0,0.0,0.0
unknown10,MJNIWUJSIGSWKK-BBANNHEPSA-N,C33H44N4O10,656.3057284,E_M35_posPFP_01,6.02,[M+H]+,657.313,0.0,0.0,0.0,0.0,0.0
unknown11,SIVYRLBDAPKADZ-UHFFFAOYSA-N,C12H10O2,186.068076,E_M44_negPFP_03,4.97,[M-H]-,0.0,0.0,0.0,185.0608,0.0,0.0
unknown12,FTUCJLKRCLNNPB-OQDXJULVSA-N,C37H58O11,678.3978918,A_M24_negPFP_03,5.51,[M+FA-H]-,0.0,0.0,0.0,0.0,723.3961,0.0
unknown13,WNRDHIDWADTLIO-YYCILOOSSA-N,C36H58O9,634.4080618,A_M6_negPFP_03,5.46,[M+FA-H]-,0.0,0.0,0.0,0.0,679.4063,0.0
unknown14,FYGSMJAMPMZYFS-XOTGQYDDSA-N,C30H46O7,518.3243366,A_M23_posPFP_01,4.82,[M+H]+,519.3316,0.0,0.0,0.0,0.0,0.0
unknown15,QMMMQWRPZIJGPT-AWEZNQCLSA-N,C14H16O3,232.1099386,A_M27_posPFP_01,4.02,[M+H]+,233.1172,0.0,0.0,0.0,0.0,0.0
unknown16,SFLNQLHULUYBES-UHFFFAOYSA-N,C26H44O11,532.2883474,A_M6_posPFP_02,2.11,[M+Na]+,0.0,0.0,555.2776,0.0,0.0,0.0
unknown17,BQIUFGZODBARSL-UHFFFAOYSA-N,C42H76O20,900.4929696,A_M3_posPFP_01,5.63,[M+NH4]+,0.0,918.5268,0.0,0.0,0.0,0.0
unknown18,CGWRDLSMEFSEDN-UHFFFAOYSA-N,C10H12O4,196.0735552,A_M9_negPFP_03,2.11,[M-H]-,0.0,0.0,0.0,195.0663,0.0,0.0
unknown19,SRPODRMTMBGGLK-MLIZCRTMSA-N,C27H30O11,530.178803,A_M28_negPFP_03,4.75,[M-H]-,0.0,0.0,0.0,529.1715,0.0,0.0
unknown20,VCSUYXUJFRFUEL-UHFFFAOYSA-N,C22H18O4,346.1205028,E_M28_posPFP_01,5.43,[M+H]+,347.1278,0.0,0.0,0.0,0.0,0.0
unknown21,YDBLKRPLXZNVNB-UHFFFAOYSA-N,C21H18F3NO3S2,453.0680154,E_M37_posPFP_01,6.17,[M+H]+,454.0753,0.0,0.0,0.0,0.0,0.0
unknown22,MJEXYQIZUOHDGY-UHFFFAOYSA-N,C23H32N6O4S,488.2205632,E_M86_posPFP_01,5.62,[M+H]+,489.2279,0.0,0.0,0.0,0.0,0.0
unknown23,MWRVRCAFWBBXTL-UHFFFAOYSA-N,C8H6O5,182.0215226,E_M74_negPFP_03,0.56,[M-H]-,0.0,0.0,0.0,181.0142,0.0,0.0
unknown24,FMERKDCSVVHBLX-KCTRNYBHSA-N,C52H84O23,1076.540311,A_M24_negPFP_04,2.71,[M+Cl]-,0.0,0.0,0.0,0.0,0.0,1111.5097
unknown25,ZYRLCOGVOHEKBK-UHFFFAOYSA-N,C12H17NO,191.1310072,A_M4_posPFP_01,3.35,[M+H]+,192.1383,0.0,0.0,0.0,0.0,0.0
unknown26,CNWZWVFEXLYSBT-KCPUTACTSA-N,C37H58O12,694.3928068,A_M27_posPFP_02,4.9,[M+Na]+,0.0,0.0,717.382,0.0,0.0,0.0
unknown27,UDWINLZYCCTMBM-KVGJNFRLSA-N,C30H34O8,522.2253564,A_M23_posPFP_02,5.92,[M+Na]+,0.0,0.0,545.2146,0.0,0.0,0.0
unknown28,DXKIYFYDJGEVJY-UHFFFAOYSA-N,C58H104O28,1248.671378,A_M6_posPFP_01,5.74,[M+NH4]+,0.0,1266.7052,0.0,0.0,0.0,0.0
unknown29,BRDVWIOUHLWIGN-LJHYTBJKSA-N,C33H42O18,726.2371032,A_M6_negPFP_03,2.55,[M-H]-,0.0,0.0,0.0,725.2298,0.0,0.0
unknown30,LIIDAMUJPFBXAR-FPOXNKGTSA-N,C26H32O12,536.1893672,A_M28_negPFP_03,1.75,[M-H]-,0.0,0.0,0.0,535.1821,0.0,0.0
unknown31,OIUPBOONLQPLQI-MRVPVSSYSA-N,C11H16O4,212.1048536,A_M9_negPFP_03,4.73,[M-H]-,0.0,0.0,0.0,211.0976,0.0,0.0
unknown32,YVJQQTNULQIMBG-VIFPVBQESA-N,C10H18O3,186.1255878,A_M3_negPFP_03,2.4,[M-H]-,0.0,0.0,0.0,185.1183,0.0,0.0
unknown33,NEYKRKVLEWKOBI-UHFFFAOYSA-N,C23H32N6O5S,504.2154782,E_M86_posPFP_01,5.37,[M+H]+,505.2228,0.0,0.0,0.0,0.0,0.0
unknown34,SWZDQOUHBYYPJD-UHFFFAOYSA-N,C36H75N,521.589919,E_M37_posPFP_01,7.52,[M+H]+,522.5972,0.0,0.0,0.0,0.0,0.0
unknown35,OPIFSICVWOWJMJ-AEOCFKNESA-N,C14H15BrClNO6,406.977122,E_M28_posPFP_01,2.7,[M+NH4]+,0.0,425.011,0.0,0.0,0.0,0.0
unknown36,ZZUQWNYNSKJLPI-UHFFFAOYSA-N,C9H7NO2S2,224.9918202,E_M76_negPFP_03,3.91,[M-H]-,0.0,0.0,0.0,223.9845,0.0,0.0
unknown37,KGBKYZFFQHZKLE-QMMMGPOBSA-N,C10H14O4,198.0892044,A_M3_negPFP_03,1.02,[M+FA-H]-,0.0,0.0,0.0,0.0,243.0874,0.0
unknown38,UKWNFIJQRGRIDQ-UHFFFAOYSA-N,C14H24O4,256.1674504,A_M9_negPFP_03,4.87,[M+FA-H]-,0.0,0.0,0.0,0.0,301.1657,0.0
unknown39,WICIOAMNFCXLEV-MSGDGCCXSA-N,C47H76O18,928.5031396,A_M6_negPFP_03,4.33,[M+FA-H]-,0.0,0.0,0.0,0.0,973.5014,0.0
unknown40,ODEUPBSFCFNAST-MXAVVETBSA-N,C15H22O3,250.1568862,A_M24_posPFP_01,3.39,[M+H]+,251.1642,0.0,0.0,0.0,0.0,0.0
unknown41,WYOIVALENVXRJQ-QMMMGPOBSA-N,C10H14O4,198.0892044,A_M4_posPFP_01,0.69,[M+H]+,199.0965,0.0,0.0,0.0,0.0,0.0
unknown42,NRLCQITWKJENAT-UHFFFAOYSA-N,C11H14O3,194.0942894,A_M7_posPFP_02,4.47,[M+Na]+,0.0,0.0,217.0835,0.0,0.0,0.0
unknown43,OQQOYQUBUVPAAU-SCPUYFPYSA-N,C41H66O14,782.4452336,A_M27_posPFP_02,3.92,[M+Na]+,0.0,0.0,805.4345,0.0,0.0,0.0
unknown44,HAVCNTVVRPOVNT-SLNRQDROSA-N,C40H50O21,866.284445,A_M28_negPFP_03,4.68,[M-H]-,0.0,0.0,0.0,865.2772,0.0,0.0
unknown45,UFUCTYSVQPEEFA-AVGNSLFASA-N,C15H22O3,250.1568862,A_M25_negPFP_03,4.7,[M-H]-,0.0,0.0,0.0,249.1496,0.0,0.0
unknown46,WOPHEEXRJKUYKQ-UHFFFAOYSA-N,C20H25NO5,359.173264,A_M22_negPFP_03,5.77,[M-H]-,0.0,0.0,0.0,358.166,0.0,0.0
unknown47,JMZOMFYRADAWOG-UHFFFAOYSA-N,C20H18O10,418.0899928,E_M28_posPFP_01,5.53,[M+H]+,419.0973,0.0,0.0,0.0,0.0,0.0
unknown48,FJDDSMSDZHURBJ-UHFFFAOYSA-N,C13H15IN2O2,358.017824,E_M41_posPFP_02,3.84,[M+Na]+,0.0,0.0,381.007,0.0,0.0,0.0
unknown49,ONJQDTZCDSESIW-UHFFFAOYSA-N,C30H62O10,582.4342752,E_M86_posPFP_01,6.08,[M+NH4]+,0.0,600.4681,0.0,0.0,0.0,0.0
unknown50,ZZQHGKMTMAORFI-UHFFFAOYSA-N,C12H19N5O3,281.1487824,E_M17_negPFP_03,2.4,[M-H]-,0.0,0.0,0.0,280.1415,0.0,0.0
unknown51,UFFRBCKYXMEITK-PEBYTCCLSA-N,C26H34O11,522.2101014,A_M22_negPFP_03,2.02,[M+FA-H]-,0.0,0.0,0.0,0.0,567.2083,0.0
unknown52,XBQGYUHHNKDVKX-LJPKUSMYSA-N,C50H84O26,1100.525056,A_M28_negPFP_03,3.55,[M+FA-H]-,0.0,0.0,0.0,0.0,1145.5233,0.0
unknown53,CIGSWLXZMSXAAE-ZCFIWIBFSA-N,C13H14O4,234.0892044,A_M28_posPFP_01,5.85,[M+H]+,235.0965,0.0,0.0,0.0,0.0,0.0
unknown54,NLVMTSRTOGOFQD-UHFFFAOYSA-N,C20H32O2,304.2402172,A_M24_posPFP_01,6.26,[M+H]+,305.2475,0.0,0.0,0.0,0.0,0.0
unknown55,TXEFUSAHPIYZHD-UHFFFAOYSA-N,C15H10N2O2,250.074224,A_M4_posPFP_01,3.88,[M+H]+,251.0815,0.0,0.0,0.0,0.0,0.0
unknown56,ZRAPVLSWOKTYNU-UHFFFAOYSA-N,C14H25NO3,255.183434,A_M7_posPFP_01,2.5,[M+H]+,256.1907,0.0,0.0,0.0,0.0,0.0
unknown57,FVINVHIYNUTXPB-SFHVURJKSA-N,C18H23NO2,285.1728698,A_M25_negPFP_03,5.61,[M-H]-,0.0,0.0,0.0,284.1656,0.0,0.0
unknown58,JJXLDNFRQCESGZ-UHFFFAOYSA-N,C15H22O4,266.1518012,A_M7_negPFP_03,3.28,[M-H]-,0.0,0.0,0.0,265.1445,0.0,0.0
unknown59,OAHIHSADYZLDCR-UHFFFAOYSA-N,C15H20O4,264.136152,A_M3_negPFP_03,5.06,[M-H]-,0.0,0.0,0.0,263.1289,0.0,0.0
unknown60,YQOVRUAPWCGSLC-UHFFFAOYSA-N,C20H18O3,306.1255878,A_M9_negPFP_03,5.25,[M-H]-,0.0,0.0,0.0,305.1183,0.0,0.0
unknown61,BSOLVVCARHZLMT-UHFFFAOYSA-N,C15H9F24O4P,739.9855212,E_M33_negPFP_03,6.42,[M+FA-H]-,0.0,0.0,0.0,0.0,784.9837,0.0
unknown62,BQYIXOPJPLGCRZ-REZTVBANSA-N,C14H14N4O3,286.1065854,E_M86_posPFP_01,1.46,[M+H]+,287.1139,0.0,0.0,0.0,0.0,0.0
unknown63,OSFCMRGOZNQUSW-UHFFFAOYSA-N,C34H33N3O5,563.2420088,E_M34_posPFP_01,6.55,[M+H]+,564.2493,0.0,0.0,0.0,0.0,0.0
unknown64,FBMYKMYQHCBIGU-UHFFFAOYSA-N,C22H25N3O2,363.194667,E_M41_posPFP_02,5.91,[M+Na]+,0.0,0.0,386.1839,0.0,0.0,0.0
unknown65,QFIZHIXXEOCVCR-QGCDZIMUSA-N,C17H28O6,328.1885788,A_M25_negPFP_04,2.63,[M+Cl]-,0.0,0.0,0.0,0.0,0.0,363.158
unknown66,IHDNCMDRDAONNT-UHFFFAOYSA-N,C20H28O5,348.1936638,A_M7_negPFP_03,3.68,[M+FA-H]-,0.0,0.0,0.0,0.0,393.1919,0.0
unknown67,WBDDWIKJZNNKBQ-ZQUYRLKRSA-N,C41H66O13,766.4503186,A_M22_negPFP_03,5.47,[M+FA-H]-,0.0,0.0,0.0,0.0,811.4485,0.0
unknown68,AGBBJVFSJVBRRY-UHFFFAOYSA-N,C20H27NO8S,441.1457302,A_M4_posPFP_01,3.18,[M+H]+,442.153,0.0,0.0,0.0,0.0,0.0
unknown69,JCOCIXAHAFALHI-UHFFFAOYSA-N,C14H26O6,290.1729296,A_M28_posPFP_02,2.31,[M+Na]+,0.0,0.0,313.1622,0.0,0.0,0.0
unknown70,JPFNJNIYHKVTDX-ZMAWNPEZSA-N,C16H28O7,332.1834938,A_M24_posPFP_01,2.58,[M+NH4]+,0.0,350.2173,0.0,0.0,0.0,0.0
unknown71,MXZVBPOYCKIXHN-FFTVMPBDSA-N,C32H42O13,634.2625282,A_M7_posPFP_01,3.24,[M+NH4]+,0.0,652.2964,0.0,0.0,0.0,0.0
unknown72,FSQYXTHPPSJGNG-CSJFXCTJSA-N,C24H38O5,406.2719098,A_M9_negPFP_03,5.88,[M-H]-,0.0,0.0,0.0,405.2646,0.0,0.0
unknown73,NCJFEURQKCATER-UHFFFAOYSA-N,C10H14O3,182.0942894,A_M29_negPFP_03,1.52,[M-H]-,0.0,0.0,0.0,181.087,0.0,0.0
unknown74,ZMFBGWWGXBNJAC-UHFFFAOYSA-N,C16H12O6,300.0633852,A_M3_negPFP_03,4.57,[M-H]-,0.0,0.0,0.0,299.0561,0.0,0.0
unknown75,OUCSEDFVYPBLLF-KAYWLYCHSA-N,C33H33FN2O4,540.242423,E_M35_negPFP_03,5.89,[M+FA-H]-,0.0,0.0,0.0,0.0,585.2406,0.0
unknown76,HIYAQBUTHPUUSV-UHFFFAOYSA-N,C18H21NO,267.1623056,E_M86_posPFP_01,5.87,[M+H]+,268.1696,0.0,0.0,0.0,0.0,0.0
unknown77,LVASCWIMLIKXLA-LSDHHAIUSA-N,C16H17BrClN3O3,413.0141742,E_M41_posPFP_01,4.33,[M+H]+,414.0215,0.0,0.0,0.0,0.0,0.0
unknown78,GGGDNPWHMNJRFN-UHFFFAOYSA-N,C12H11I3N2O4,627.7853096,E_M34_posPFP_01,0.63,[M+H]+,628.7926,0.0,0.0,0.0,0.0,0.0
unknown79,XPIZBBYHXMPNEG-SQUCUVIGSA-N,C19H28O9,400.1733238,A_M3_negPFP_04,3.72,[M+Cl]-,0.0,0.0,0.0,0.0,0.0,435.1427
unknown80,MRPDHXXPDCVBPQ-NTTCMOHZSA-N,C19H34O8,390.2253564,A_M24_posPFP_02,0.97,[M+Na]+,0.0,0.0,413.2146,0.0,0.0,0.0
unknown81,MSTIUVOQDAVXIA-SATOHXPNSA-N,C27H32O14,580.1791972,A_M4_posPFP_02,4.14,[M+Na]+,0.0,0.0,603.1684,0.0,0.0,0.0
unknown82,UTHVFIKQCUKKQW-BKZLMLJWSA-N,C14H19NO7,313.1161464,A_M28_posPFP_02,0.41,[M+Na]+,0.0,0.0,336.1054,0.0,0.0,0.0
unknown83,HZKJZYRLLBKBHA-DHRWMAOJSA-N,C36H58O9,634.4080618,A_M7_posPFP_01,5.48,[M+NH4]+,0.0,652.4419,0.0,0.0,0.0,0.0
unknown84,DFPWLQCOSHYAIG-GOSISDBHSA-N,C18H14O9,374.0637794,A_M7_negPFP_03,4.01,[M-H]-,0.0,0.0,0.0,373.0565,0.0,0.0
unknown85,FHYQIQMSODIFCP-UHFFFAOYSA-N,C20H20O7,372.120897,A_M25_negPFP_03,3.53,[M-H]-,0.0,0.0,0.0,371.1136,0.0,0.0
unknown86,GQXZUABNLSWQJA-UHFFFAOYSA-N,C9H10O3,166.062991,A_M23_negPFP_03,2.47,[M-H]-,0.0,0.0,0.0,165.0557,0.0,0.0
unknown87,JWBZQRMMZRWOSE-UHFFFAOYSA-N,C15H24O2,236.1776204,A_M29_negPFP_03,6.06,[M-H]-,0.0,0.0,0.0,235.1704,0.0,0.0
unknown88,YXAGJAFSQKHJEB-JACRPAJASA-N,C26H40O6,448.282474,A_M9_negPFP_03,6.13,[M-H]-,0.0,0.0,0.0,447.2752,0.0,0.0
unknown89,DEIGXXQKDWULML-UHFFFAOYSA-N,C12H18Br6,635.6508588,E_M35_negPFP_04,6.42,[M+Cl]-,0.0,0.0,0.0,0.0,0.0,670.6203
unknown90,WHIVNJATOVLWBW-SNAWJCMRSA-N,C4H9NO,87.0684104,E_M27_posPFP_01,0.55,[M+H]+,88.0757,0.0,0.0,0.0,0.0,0.0
unknown91,LJVAJPDWBABPEJ-XZVSULPPSA-N,C43H65N5O10,811.473119,E_M34_posPFP_01,8.21,[M+H]+,812.4804,0.0,0.0,0.0,0.0,0.0
unknown92,WOSKHXYHFSIKNG-UHFFFAOYSA-N,C21H19ClN4O4,426.1094764,E_M41_posPFP_02,3.38,[M+Na]+,0.0,0.0,449.0987,0.0,0.0,0.0
unknown93,LIGHTUNOZWZMMP-CBNQQXHVSA-N,C20H22O9,406.1263762,A_M7_negPFP_04,1.98,[M+Cl]-,0.0,0.0,0.0,0.0,0.0,441.0958
unknown94,YPULLITUOWRRPG-LJQANCHMSA-N,C23H20O6,392.125982,A_M25_negPFP_04,5.75,[M+Cl]-,0.0,0.0,0.0,0.0,0.0,427.0954
unknown95,MBBOPONQLZPJRT-UHFFFAOYSA-N,C28H51NO6,497.3716186,A_M9_negPFP_03,6.36,[M+FA-H]-,0.0,0.0,0.0,0.0,542.3698,0.0
unknown96,MMMZDSQYAMMVEG-UHFFFAOYSA-N,C12H16Cl2O4,294.0425596,A_M29_negPFP_03,2.89,[M+FA-H]-,0.0,0.0,0.0,0.0,339.0408,0.0
unknown97,KKUZEALMRZIWAJ-UHFFFAOYSA-N,C20H30O4,334.214398,A_M28_posPFP_01,5.21,[M+H]+,335.2217,0.0,0.0,0.0,0.0,0.0
unknown98,UIDKGJWCHCMTEG-UHFFFAOYSA-N,C15H22O4,266.1518012,A_M8_posPFP_01,5.42,[M+H]+,267.1591,0.0,0.0,0.0,0.0,0.0
unknown99,FNHDSKHVYPYDAZ-QXBAYVDYSA-N,C36H58O8,618.4131468,A_M4_posPFP_01,5.94,[M+NH4]+,0.0,636.447,0.0,0.0,0.0,0.0
unknown100,ZPUVNNIJVVEZBH-CMBBOZRESA-N,C27H24O11,524.1318554,A_M24_posPFP_01,4.47,[M+NH4]+,0.0,542.1657,0.0,0.0,0.0,0.0
unknown101,AEFDYPFFZOCXNS-NSHDSACASA-N,C14H14Cl2N2O3,328.0381434,A_M23_negPFP_03,2.09,[M-H]-,0.0,0.0,0.0,327.0309,0.0,0.0
unknown102,MXADFNHTWMJYES-XOBRGWDASA-N,C21H22O8,402.1314612,A_M3_negPFP_03,3.51,[M-H]-,0.0,0.0,0.0,401.1242,0.0,0.0
unknown103,DVVGIUUJYPYENY-UHFFFAOYSA-N,C6H7NO,109.0527612,E_M27_posPFP_01,0.41,[M+H]+,110.06,0.0,0.0,0.0,0.0,0.0
unknown104,WHBIGIKBNXZKFE-UHFFFAOYSA-N,C22H28N6O3S,456.1943498,E_M38_posPFP_01,4.98,[M+H]+,457.2016,0.0,0.0,0.0,0.0,0.0
unknown105,BWZJBXAPRCVCKQ-UHFFFAOYSA-N,C28H29N5OS,483.2092704,E_M41_posPFP_01,6.05,[M+H]+,484.2166,0.0,0.0,0.0,0.0,0.0
unknown106,GXXXVFMBJGIYPK-IRWFNEAJSA-N,C33H46O19,746.2633166,A_M9_negPFP_03,2.78,[M+FA-H]-,0.0,0.0,0.0,0.0,791.2615,0.0
unknown107,PPLHEXYBZJOGTR-DHKQUUGRSA-N,C19H26O12,446.1424196,A_M7_negPFP_03,1.05,[M+FA-H]-,0.0,0.0,0.0,0.0,491.1406,0.0
unknown108,XMXNEUOHSHGXTJ-GOTSBHOMSA-N,C27H28N4O2,440.2212148,A_M3_negPFP_03,5.5,[M+FA-H]-,0.0,0.0,0.0,0.0,485.2194,0.0
unknown109,YBNGMZMKEPSDPI-LGZJULIWSA-N,C16H28O7,332.1834938,A_M23_negPFP_03,1.09,[M+FA-H]-,0.0,0.0,0.0,0.0,377.1817,0.0
unknown110,YSFNIMJWUPAQKC-RZHLFJOWSA-N,C41H66O14,782.4452336,A_M25_negPFP_03,3.3,[M+FA-H]-,0.0,0.0,0.0,0.0,827.4435,0.0
unknown111,UMPABASQXRRHQB-YSGOIBPISA-N,C24H30N2O3,394.225631,A_M28_posPFP_01,6.12,[M+H]+,395.2329,0.0,0.0,0.0,0.0,0.0
unknown112,ZNBQWPMZFPFCKS-GOSISDBHSA-N,C20H28O4,332.1987488,A_M25_posPFP_01,5.82,[M+H]+,333.206,0.0,0.0,0.0,0.0,0.0
unknown113,CPGFYBGUXQXJMQ-KZQPWMIESA-N,C41H50O11,718.335295,A_M4_posPFP_02,5.9,[M+Na]+,0.0,0.0,741.3245,0.0,0.0,0.0
unknown114,VUHKKYAXFCILCE-UHFFFAOYSA-N,C17H34O4,302.2456964,A_M8_posPFP_02,5.17,[M+Na]+,0.0,0.0,325.2349,0.0,0.0,0.0
unknown115,YDFWTYLPMZZSLA-UHFFFAOYSA-N,C14H15ClO6,314.055712,A_M29_negPFP_03,3.22,[M-H]-,0.0,0.0,0.0,313.0484,0.0,0.0
unknown116,DTVYNUOOZIKEEX-UHFFFAOYSA-N,C9H8N2,144.0687448,E_M27_posPFP_01,0.54,[M+H]+,145.076,0.0,0.0,0.0,0.0,0.0
unknown117,ZDTNHRWWURISAA-UHFFFAOYSA-N,C20H10Br2O5,487.889493,E_M40_posPFP_01,5.53,[M+H]+,488.8968,0.0,0.0,0.0,0.0,0.0
unknown118,PTQXTEKSNBVPQJ-UHFFFAOYSA-N,C29H43NO4S,501.2912638,E_M41_posPFP_02,6.48,[M+Na]+,0.0,0.0,524.2805,0.0,0.0,0.0
unknown119,KSDSYIXRWHRPMN-UHFFFAOYSA-N,C21H22O10,434.1212912,A_M29_negPFP_04,2.94,[M+Cl]-,0.0,0.0,0.0,0.0,0.0,469.0907
unknown120,TXSJJCSJHIDTDE-MZDBWQKZSA-N,C25H32O10,492.1995372,A_M7_negPFP_03,2.15,[M+FA-H]-,0.0,0.0,0.0,0.0,537.1977,0.0
unknown121,OFDBBWUQAHAKDG-PREJITOJSA-N,C25H32O6,428.2198772,A_M25_posPFP_01,5.95,[M+H]+,429.2272,0.0,0.0,0.0,0.0,0.0
unknown122,RRIMLWHUVCZACL-WHGXRBQASA-N,C36H58O9,634.4080618,A_M8_posPFP_02,5.46,[M+Na]+,0.0,0.0,657.3973,0.0,0.0,0.0
unknown123,MOVNHXBNDSZSGK-JPYQVWQLSA-N,C47H74O18,926.4874904,A_M4_posPFP_01,4.82,[M+NH4]+,0.0,944.5213,0.0,0.0,0.0,0.0
unknown124,ULYZLNNPRNDNFD-ZICLEKGPSA-N,C36H42O8,602.2879532,A_M28_posPFP_01,6.22,[M+NH4]+,0.0,620.3218,0.0,0.0,0.0,0.0
unknown125,CDJVLCFAYOIREA-OFCFZGJQSA-N,C47H72O20,956.4616712,A_M9_negPFP_03,3.89,[M-H]-,0.0,0.0,0.0,955.4544,0.0,0.0
unknown126,NLMAGFGYJVPKJJ-NSHDSACASA-N,C14H22O4,254.1518012,A_M27_negPFP_03,5.34,[M-H]-,0.0,0.0,0.0,253.1445,0.0,0.0
unknown127,ONSPHUIOGAJFGD-UHFFFAOYSA-N,C19H18O9,390.0950778,A_M23_negPFP_03,5.89,[M-H]-,0.0,0.0,0.0,389.0878,0.0,0.0
unknown128,YWRZZQBSAZIBEQ-ZPKFMWSBSA-N,C60H92O24,1196.597823,A_M3_negPFP_03,5.71,[M-H]-,0.0,0.0,0.0,1195.5906,0.0,0.0
unknown129,AYRRNFHDJUXLEQ-UHFFFAOYSA-N,C6H9N2O2P,172.0401624,E_M27_posPFP_01,0.47,[M+H]+,173.0474,0.0,0.0,0.0,0.0,0.0
unknown130,NLEBIOOXCVAHBD-QKMCSOCLSA-N,C24H46O11,510.3039966,E_M40_posPFP_01,5.6,[M+NH4]+,0.0,528.3378,0.0,0.0,0.0,0.0
unknown131,LAMRTXHVEXWMOH-PVNJHXBISA-N,C33H54O14,674.3513384,A_M23_negPFP_03,5.05,[M+FA-H]-,0.0,0.0,0.0,0.0,719.3496,0.0
unknown132,NBEYAEFZGDUVGW-MBKLMEFLSA-N,C30H44O8,532.3036024,A_M7_negPFP_03,5.74,[M+FA-H]-,0.0,0.0,0.0,0.0,577.3018,0.0
unknown133,JDYWLRRIZNBKMP-IKRGWGHGSA-N,C34H42O18,738.2371032,A_M8_posPFP_01,4.98,[M+H]+,739.2444,0.0,0.0,0.0,0.0,0.0
unknown134,RBTWPFBRVJRSRZ-XRNSGXKGSA-N,C23H26O11,478.1475046,A_M25_posPFP_02,2.15,[M+Na]+,0.0,0.0,501.1367,0.0,0.0,0.0
unknown135,ODDNJYHUVXKJBI-UHFFFAOYSA-N,C15H28O3,256.2038338,A_M29_posPFP_01,1.62,[M+NH4]+,0.0,274.2377,0.0,0.0,0.0,0.0
unknown136,ZQCSOQVURYSVKL-DHMVUYJDSA-N,C15H24O3,252.1725354,A_M5_posPFP_01,3.15,[M+NH4]+,0.0,270.2064,0.0,0.0,0.0,0.0
unknown137,CPTNKRLUDCGSPQ-GCFZLKQZSA-N,C24H34O13,530.1999314,A_M29_negPFP_03,1.31,[M-H]-,0.0,0.0,0.0,529.1927,0.0,0.0
unknown138,DIADZLCOROOTGN-OLZOCXBDSA-N,C20H24O5,344.1623654,A_M4_negPFP_03,5.83,[M-H]-,0.0,0.0,0.0,343.1551,0.0,0.0
unknown139,JDJWBXPQIRDCOI-UHFFFAOYSA-N,C14H24O6,288.1572804,A_M27_negPFP_03,1.94,[M-H]-,0.0,0.0,0.0,287.15,0.0,0.0
unknown140,DYUWTXWIYMHBQS-UHFFFAOYSA-N,C6H11N,97.0891446,E_M44_posPFP_01,0.48,[M+H]+,98.0964,0.0,0.0,0.0,0.0,0.0
unknown141,VEEGZPWAAPPXRB-YHYXMXQVSA-N,C12H9N3O,211.0745584,E_M27_posPFP_01,2.3,[M+H]+,212.0818,0.0,0.0,0.0,0.0,0.0
unknown142,DPEYAJFUJJMJNO-JOQVNCSISA-N,C47H74O17,910.4925754,A_M7_negPFP_03,5.46,[M+FA-H]-,0.0,0.0,0.0,0.0,955.4908,0.0
unknown143,JUQZBNSNCFPQEN-QEONLWONSA-N,C41H66O13,766.4503186,A_M23_negPFP_03,4.64,[M+FA-H]-,0.0,0.0,0.0,0.0,811.4485,0.0
unknown144,UTHVFIKQCUKKQW-QPQKLBPSSA-N,C14H19NO7,313.1161464,A_M27_negPFP_03,0.35,[M+FA-H]-,0.0,0.0,0.0,0.0,358.1144,0.0
unknown145,VXYKGOAXVHSLDD-ATALQWSYSA-N,C26H32O12,536.1893672,A_M29_negPFP_03,2.27,[M+FA-H]-,0.0,0.0,0.0,0.0,581.1876,0.0
unknown146,BNKQCXTYXHSKGJ-XJXKWIQZSA-N,C20H28O5,348.1936638,A_M9_posPFP_01,5.8,[M+H]+,349.201,0.0,0.0,0.0,0.0,0.0
unknown147,QEXBXSJDNHRVSH-MHEUCROKSA-N,C15H22O4,266.1518012,A_M5_posPFP_01,2.59,[M+H]+,267.1591,0.0,0.0,0.0,0.0,0.0
unknown148,KMSCXNAPFWQQKD-UHFFFAOYSA-N,C16H30N2O5,330.215461,A_M29_posPFP_02,4.95,[M+Na]+,0.0,0.0,353.2047,0.0,0.0,0.0
unknown149,PCWPSOCJBMEHGK-BZKLREMRSA-N,C26H36O11,524.2257506,A_M25_posPFP_01,1.83,[M+NH4]+,0.0,542.2596,0.0,0.0,0.0,0.0
unknown150,FLVBOVQKMCPBFE-UHFFFAOYSA-N,C22H40O6,400.282474,A_M4_negPFP_03,6.43,[M-H]-,0.0,0.0,0.0,399.2752,0.0,0.0
unknown151,MIDXCONKKJTLDX-UHFFFAOYSA-N,C7H10O2,126.068076,E_M44_posPFP_01,0.96,[M+H]+,127.0754,0.0,0.0,0.0,0.0,0.0
unknown152,QEALYLRSRQDCRA-UHFFFAOYSA-N,C14H29NO,227.2249024,E_M27_posPFP_01,6.05,[M+H]+,228.2322,0.0,0.0,0.0,0.0,0.0
unknown153,LZOJNMQMOSTOHX-LBPRGKRZSA-N,C15H28N2O4,300.2048968,A_M5_negPFP_04,5.35,[M+Cl]-,0.0,0.0,0.0,0.0,0.0,335.1743
unknown154,OWZYYRSRGCPFKQ-HMMRWYOQSA-N,C47H76O18,928.5031396,A_M7_negPFP_04,4.31,[M+Cl]-,0.0,0.0,0.0,0.0,0.0,963.4726
unknown155,WCUYANMOZSMFCP-CFKLRSBVSA-N,C38H48O20,824.2738808,A_M23_negPFP_04,2.97,[M+Cl]-,0.0,0.0,0.0,0.0,0.0,859.2433
unknown156,NMDFCFOQBAHNPV-IWIVWMRFSA-N,C42H66O15,810.4401486,A_M29_negPFP_03,5.03,[M+FA-H]-,0.0,0.0,0.0,0.0,855.4384,0.0
unknown157,JIKPDGHCTOSDJA-UHFFFAOYSA-N,C20H30O3,318.219483,A_M5_posPFP_01,5.87,[M+H]+,319.2268,0.0,0.0,0.0,0.0,0.0
unknown158,WAVKNSMRCWYDDL-UHFFFAOYSA-N,C27H32O8,484.2097072,A_M29_posPFP_01,5.83,[M+H]+,485.217,0.0,0.0,0.0,0.0,0.0
unknown159,AKEQVUOZQNGJQC-UHFFFAOYSA-N,C28H36O13,580.2155806,A_M25_posPFP_02,2.02,[M+Na]+,0.0,0.0,603.2048,0.0,0.0,0.0
unknown160,RQYZKRVLMHQSMS-UHFFFAOYSA-N,C21H26O8,406.1627596,A_M9_posPFP_01,4.23,[M+NH4]+,0.0,424.1966,0.0,0.0,0.0,0.0
unknown161,VSTYNZNDJYVPKL-CTYVSURLSA-N,C14H18O9,330.0950778,A_M27_negPFP_03,1.24,[M-H]-,0.0,0.0,0.0,329.0878,0.0,0.0
unknown162,SGNCOKUHMXLGAH-UHFFFAOYSA-N,C7H6BrNO2,214.9581876,E_M44_posPFP_01,2.05,[M+H]+,215.9655,0.0,0.0,0.0,0.0,0.0
unknown163,NVZFZMCNALTPBY-XVFCMESISA-N,C9H12FN3O4,245.0811804,E_M27_posPFP_02,0.32,[M+Na]+,0.0,0.0,268.0704,0.0,0.0,0.0
unknown164,UDSAIICHUKSCKT-UHFFFAOYSA-N,C19H10Br4O5S,665.698237,E_M34_negPFP_03,5.71,[M-H]-,0.0,0.0,0.0,664.691,0.0,0.0
unknown165,NNIRVDLUHWUBSX-NBIDALDTSA-N,C61H98O27,1262.629516,A_M7_negPFP_03,3.81,[M+FA-H]-,0.0,0.0,0.0,0.0,1307.6277,0.0
unknown166,NZIQEPLIKSMSRT-UHFFFAOYSA-N,C20H28O4,332.1987488,A_M27_negPFP_03,5.68,[M+FA-H]-,0.0,0.0,0.0,0.0,377.197,0.0
unknown167,ULSOTXJNUTYKRK-NLUBGPCESA-N,C53H86O21,1058.566131,A_M23_negPFP_03,5.34,[M+FA-H]-,0.0,0.0,0.0,0.0,1103.5644,0.0
unknown168,ABAIOHPURNHXKB-JWFSFCLHSA-N,C34H40O16,704.231624,A_M29_posPFP_01,5.27,[M+H]+,705.2389,0.0,0.0,0.0,0.0,0.0
unknown169,JSWXKFCFVRCREF-NEPJUHHUSA-N,C15H20O3,248.141237,A_M22_posPFP_01,5.04,[M+H]+,249.1485,0.0,0.0,0.0,0.0,0.0
unknown170,PRBUAZIWXABBBW-AFNDXPGZSA-N,C24H26O14,538.1322496,A_M9_posPFP_02,2.7,[M+Na]+,0.0,0.0,561.1215,0.0,0.0,0.0
unknown171,VBTZAIPQSNXYCM-BXAUHREASA-N,C22H27NO6,401.1838282,A_M5_posPFP_02,4.9,[M+Na]+,0.0,0.0,424.1731,0.0,0.0,0.0
unknown172,IESDYJUGZCFEQG-UHFFFAOYSA-N,C49H88O25,1076.56144,A_M25_posPFP_01,5.57,[M+NH4]+,0.0,1094.5953,0.0,0.0,0.0,0.0
unknown173,OQWLWGHVEYZMLN-GHLGXFJJSA-N,C18H28O8,372.1784088,A_M5_negPFP_03,3.1,[M-H]-,0.0,0.0,0.0,371.1711,0.0,0.0
unknown174,VQMRBUNQTLAATK-JOUDUNFKSA-N,C53H84O24,1104.535226,A_M29_negPFP_03,3.12,[M-H]-,0.0,0.0,0.0,1103.528,0.0,0.0
unknown175,PPJYSSNKSXAVDB-UHFFFAOYSA-N,C14H8I4O4,747.6601648,E_M34_negPFP_03,5.84,[M+FA-H]-,0.0,0.0,0.0,0.0,792.6583,0.0
unknown176,AVKNGPAMCBSNSO-UHFFFAOYSA-N,C7H15N,113.120443,E_M74_posPFP_01,1.25,[M+H]+,114.1277,0.0,0.0,0.0,0.0,0.0
unknown177,UVZTZBRGZXIBLZ-UHFFFAOYSA-N,C15H23NO4,281.1626998,E_M27_posPFP_01,5.2,[M+H]+,282.17,0.0,0.0,0.0,0.0,0.0
unknown178,FVAIJXKCYZKCGF-FFBHLRJYSA-N,C16H24O10,376.1369404,A_M30_negPFP_04,0.64,[M+Cl]-,0.0,0.0,0.0,0.0,0.0,411.1063
unknown179,CMXKPYSXVVBBDY-KUBZZJBSSA-N,C13H24O10,340.1369404,A_M8_negPFP_03,0.3,[M+FA-H]-,0.0,0.0,0.0,0.0,385.1351,0.0
unknown180,IVDMSWPOHFCIHO-YCRPNKLZSA-N,C21H24O8,404.1471104,A_M5_negPFP_03,3.62,[M+FA-H]-,0.0,0.0,0.0,0.0,449.1453,0.0
unknown181,PMALFGMVFUCPMK-UHFFFAOYSA-N,C19H22O7,362.1365462,A_M27_negPFP_03,1.42,[M+FA-H]-,0.0,0.0,0.0,0.0,407.1348,0.0
unknown182,XYZWRQXZTNPKPD-OZBJMMHXSA-N,C20H26O4,330.1830996,A_M22_posPFP_01,5.64,[M+H]+,331.1904,0.0,0.0,0.0,0.0,0.0
unknown183,ZFUJCNJIGDBFEP-UHFFFAOYSA-N,C10H16O2,168.1150236,A_M26_posPFP_01,2.01,[M+H]+,169.1223,0.0,0.0,0.0,0.0,0.0
unknown184,DAOMSLPFWWIXQB-UHFFFAOYSA-N,C29H34N2O5,490.2467594,A_M5_posPFP_02,4.74,[M+Na]+,0.0,0.0,513.236,0.0,0.0,0.0
unknown185,ODDNJYHUVXKJBI-MIBAYGRRSA-N,C15H28O3,256.2038338,A_M30_posPFP_02,1.5,[M+Na]+,0.0,0.0,279.1931,0.0,0.0,0.0
unknown186,VWKSQQHPNMUNOC-UHFFFAOYSA-N,C36H60O9,636.423711,A_M9_posPFP_01,5.67,[M+NH4]+,0.0,654.4576,0.0,0.0,0.0,0.0
unknown187,GOWHHUDNXNDUAS-UHFFFAOYSA-N,C8H8O4,168.0422568,A_M24_negPFP_03,1.06,[M-H]-,0.0,0.0,0.0,167.035,0.0,0.0
unknown188,QRCJOCOSPZMDJY-UHFFFAOYSA-N,C8H17NO,143.1310072,E_M74_posPFP_01,2.03,[M+H]+,144.1383,0.0,0.0,0.0,0.0,0.0
unknown189,KDDXOGDIPZSCTM-UHFFFAOYSA-N,C14H10N2O3S,286.041211,E_M27_posPFP_01,5.48,[M+H]+,287.0485,0.0,0.0,0.0,0.0,0.0
unknown190,VNIWZCGZPBJWBI-UHFFFAOYSA-N,C17H19FN4O5S,410.1060136,E_M38_negPFP_03,5.45,[M-H]-,0.0,0.0,0.0,409.0987,0.0,0.0
unknown191,UKDGPTZSBZPKIO-DEOHUDLUSA-N,C35H56O9,620.3924126,A_M5_negPFP_03,4.37,[M+FA-H]-,0.0,0.0,0.0,0.0,665.3906,0.0
unknown192,SAYWUPNITYCHPG-OTOUPVKASA-N,C20H32O2,304.2402172,A_M26_posPFP_01,5.49,[M+H]+,305.2475,0.0,0.0,0.0,0.0,0.0
unknown193,XHAUOHBDNZKIEL-OUEXDMKTSA-N,C21H34O7,398.2304414,A_M30_posPFP_01,3.18,[M+H]+,399.2377,0.0,0.0,0.0,0.0,0.0
unknown194,PXKWYQCTBMFQDW-UHFFFAOYSA-N,C30H48O6,504.3450708,A_M22_posPFP_01,6.06,[M+NH4]+,0.0,522.3789,0.0,0.0,0.0,0.0
unknown195,SVLAIBOYFCQLIY-PGNWUXKFSA-N,C28H36O10,532.2308356,A_M5_posPFP_01,4.57,[M+NH4]+,0.0,550.2647,0.0,0.0,0.0,0.0
unknown196,FEPPYNQWWRLZNW-UHFFFAOYSA-N,C19H18O8,374.1001628,A_M27_negPFP_03,5.23,[M-H]-,0.0,0.0,0.0,373.0929,0.0,0.0
unknown197,FLXFNIBELQCRPA-NSHDSACASA-N,C12H22O4,230.1518012,A_M24_negPFP_03,2.28,[M-H]-,0.0,0.0,0.0,229.1445,0.0,0.0
unknown198,LFMVGCLSSWANEO-UHFFFAOYSA-N,C21H26O6,374.1729296,A_M8_negPFP_03,5.68,[M-H]-,0.0,0.0,0.0,373.1657,0.0,0.0
unknown199,UTVHCNQHDCRVMF-GTYYOKPTSA-N,C28H28N4O4,484.2110448,A_M30_negPFP_03,5.66,[M-H]-,0.0,0.0,0.0,483.2038,0.0,0.0
unknown200,ZQZJKHIIQFPZCS-UHFFFAOYSA-N,C4H10N2O,102.079309,E_M76_posPFP_01,0.36,[M+H]+,103.0866,0.0,0.0,0.0,0.0,0.0
unknown201,NBQNWMBBSKPBAY-UHFFFAOYSA-N,C35H44I6N6O15,1549.713313,E_M33_posPFP_01,0.47,[M+H]+,1550.7206,0.0,0.0,0.0,0.0,0.0
unknown202,UFUVLHLTWXBHGZ-UHFFFAOYSA-N,C18H34ClN2O8PS,504.1461924,E_M38_negPFP_03,2.66,[M-H]-,0.0,0.0,0.0,503.1389,0.0,0.0
unknown203,CLMACWUIFILBBM-UHFFFAOYSA-N,C21H26O8,406.1627596,A_M8_negPFP_04,5.41,[M+Cl]-,0.0,0.0,0.0,0.0,0.0,441.1322
unknown204,GFXHOKACHHWSQG-HEKZAOSPSA-N,C27H28O8,480.1784088,A_M27_negPFP_04,5.36,[M+Cl]-,0.0,0.0,0.0,0.0,0.0,515.1478
unknown205,KQLFQMPSIZRACE-OXEYGOSQSA-N,C15H20O8,328.115812,A_M24_negPFP_03,1.16,[M+FA-H]-,0.0,0.0,0.0,0.0,373.114,0.0
unknown206,NPCYPPUNOYDHKT-FTGSXAGXSA-N,C60H94O26,1230.603302,A_M5_negPFP_03,5.11,[M+FA-H]-,0.0,0.0,0.0,0.0,1275.6015,0.0
unknown207,IGSZOCSRLTUKLJ-UHFFFAOYSA-N,C20H27NO3,329.1990832,A_M26_posPFP_01,5.78,[M+H]+,330.2064,0.0,0.0,0.0,0.0,0.0
unknown208,LWZCXTWCFCVAPB-NUTKFTJISA-N,C17H18O5,302.1154178,A_M6_posPFP_01,4.71,[M+H]+,303.1227,0.0,0.0,0.0,0.0,0.0
unknown209,DPYJSGIGESZKHU-DUIWHAMXSA-N,C36H64O11,672.4448394,A_M22_posPFP_02,5.5,[M+Na]+,0.0,0.0,695.4341,0.0,0.0,0.0
unknown210,BYTPMMJRDFCGKX-RYXVVOBLSA-N,C31H36O8,536.2410056,A_M30_posPFP_01,6.02,[M+NH4]+,0.0,554.2748,0.0,0.0,0.0,0.0
unknown211,HCFFYRGPTPKLPK-HHNOJRCQSA-N,C42H66O15,810.4401486,A_M30_negPFP_03,4.42,[M-H]-,0.0,0.0,0.0,809.4329,0.0,0.0
unknown212,DTUJRJIWGWTNFQ-UHFFFAOYSA-N,C8H13NO,139.0997088,E_M76_posPFP_01,0.31,[M+H]+,140.107,0.0,0.0,0.0,0.0,0.0
unknown213,BHCBLTRDEYPMFZ-UHFFFAOYSA-N,C16H20I3N3O7,746.84355,E_M33_posPFP_01,0.32,[M+NH4]+,0.0,764.8774,0.0,0.0,0.0,0.0
unknown214,KKBGNYHHEIAGOH-UHFFFAOYSA-N,C33H25F3O4,542.1704846,E_M38_negPFP_03,6.39,[M-H]-,0.0,0.0,0.0,541.1632,0.0,0.0
unknown215,LRHHFHPQWVDGIQ-JTHVBYAHSA-N,C44H75NO15,857.513644,A_M27_negPFP_03,5.53,[M+FA-H]-,0.0,0.0,0.0,0.0,902.5119,0.0
unknown216,RVQFSOHDFFWTLD-CNWHQPCMSA-N,C21H36O10,448.2308356,A_M8_negPFP_03,2.98,[M+FA-H]-,0.0,0.0,0.0,0.0,493.229,0.0
unknown217,VXXKDWBEVHGANN-XJWQLZQYSA-N,C16H24O9,360.1420254,A_M24_negPFP_03,0.39,[M+FA-H]-,0.0,0.0,0.0,0.0,405.1402,0.0
unknown218,GFMGGFIBSURRGW-VIFPVBQESA-N,C12H20O4,228.136152,A_M23_posPFP_01,5.45,[M+H]+,229.1434,0.0,0.0,0.0,0.0,0.0
unknown219,JZXWITIZXDCGSC-UHFFFAOYSA-N,C20H30O3,318.219483,A_M6_posPFP_01,4.79,[M+H]+,319.2268,0.0,0.0,0.0,0.0,0.0
unknown220,QQQHFUHGZMFSOB-UHFFFAOYSA-N,C20H28O4,332.1987488,A_M26_posPFP_02,5.48,[M+Na]+,0.0,0.0,355.188,0.0,0.0,0.0
unknown221,SYLBWUCYLWBMER-BHJGDWCPSA-N,C20H32O4,336.2300472,A_M3_posPFP_02,2.44,[M+Na]+,0.0,0.0,359.2193,0.0,0.0,0.0
unknown222,NQNFBFWPHHJVSM-UHFFFAOYSA-N,C10H16O4,200.1048536,A_M6_negPFP_03,1.6,[M-H]-,0.0,0.0,0.0,199.0976,0.0,0.0
unknown223,PLESAOGBVATPML-LMAPNQLBSA-N,C42H34O22,890.1541664,A_M30_negPFP_03,5.08,[M-H]-,0.0,0.0,0.0,889.1469,0.0,0.0
unknown224,GZKLJWGUPQBVJQ-UHFFFAOYSA-N,C24H26ClFN4O,440.1779068,E_M40_negPFP_04,0.39,[M+Cl]-,0.0,0.0,0.0,0.0,0.0,475.1473
unknown225,DWAQDRSOVMLGRQ-UHFFFAOYSA-N,C9H9NO,147.0684104,E_M76_posPFP_01,3.26,[M+H]+,148.0757,0.0,0.0,0.0,0.0,0.0
unknown226,PLHJCIYEEKOWNM-UHFFFAOYSA-N,C27H22Cl2N4O,488.1170582,E_M35_posPFP_01,6.16,[M+H]+,489.1243,0.0,0.0,0.0,0.0,0.0
unknown227,BUOMUXLXLTWQRD-UHFFFAOYSA-N,C15H22O3,250.1568862,A_M23_posPFP_01,4.28,[M+H]+,251.1642,0.0,0.0,0.0,0.0,0.0
unknown228,VOCMJEUNEDTYIN-JKMCDVCNSA-N,C21H36O3,336.2664306,A_M3_posPFP_01,5.76,[M+H]+,337.2737,0.0,0.0,0.0,0.0,0.0
unknown229,HETFHSADNIQCEJ-UHFFFAOYSA-N,C20H28O5,348.1936638,A_M6_posPFP_02,5.63,[M+Na]+,0.0,0.0,371.1829,0.0,0.0,0.0
unknown230,ZVUKZMWLRYNENB-KPPISPLZSA-N,C27H44O10,528.2934324,A_M26_posPFP_02,4.14,[M+Na]+,0.0,0.0,551.2827,0.0,0.0,0.0
unknown231,CLQSQZGNPFWGAE-INIZCTEOSA-N,C18H18O6,330.1103328,A_M28_negPFP_03,3.69,[M-H]-,0.0,0.0,0.0,329.1031,0.0,0.0
unknown232,JVWMEYMYQAAGMM-VDEZILSRSA-N,C15H22O4,266.1518012,A_M6_negPFP_03,2.75,[M-H]-,0.0,0.0,0.0,265.1445,0.0,0.0
unknown233,LRDZBWWOVQELFI-UHFFFAOYSA-N,C20H20O7,372.120897,A_M24_negPFP_03,5.63,[M-H]-,0.0,0.0,0.0,371.1136,0.0,0.0
unknown234,QCKMSYZHBPNLCB-ZFVOUSBOSA-N,C22H24O13,496.1216854,A_M8_negPFP_03,1.82,[M-H]-,0.0,0.0,0.0,495.1144,0.0,0.0
unknown235,YYJQHCMKQJHGGA-VBJBMQEVSA-N,C55H86O24,1130.550876,A_M30_negPFP_03,3.79,[M-H]-,0.0,0.0,0.0,1129.5436,0.0,0.0
unknown236,FBLAHUMENIHUGG-UHFFFAOYSA-N,C18H15NO2,277.110273,E_M76_posPFP_01,5.9,[M+H]+,278.1176,0.0,0.0,0.0,0.0,0.0
unknown237,YCZJVRCZIPDYHH-UHFFFAOYSA-N,C34H58O4,530.4334868,E_M35_posPFP_01,7.09,[M+H]+,531.4408,0.0,0.0,0.0,0.0,0.0
unknown238,BHFJBHMTEDLICO-UHFFFAOYSA-N,C8F18O2S,501.9331596,E_M40_negPFP_03,5.97,[M-H]-,0.0,0.0,0.0,500.9259,0.0,0.0
unknown239,JGCPVCKZVBKIHO-UHFFFAOYSA-N,C17H25NO6,339.168179,A_M6_negPFP_04,2.04,[M+Cl]-,0.0,0.0,0.0,0.0,0.0,374.1376
unknown240,LRFIKYDSTHZRKW-STEXWYFWSA-N,C20H22O10,422.1212912,A_M24_negPFP_04,2.24,[M+Cl]-,0.0,0.0,0.0,0.0,0.0,457.0907
unknown241,SUAXOYITDJNGFM-AJHJKSEASA-N,C27H24O18,636.0962604,A_M8_negPFP_04,1.82,[M+Cl]-,0.0,0.0,0.0,0.0,0.0,671.0657
unknown242,XBOVCSNIOQPGAW-UBNYYTIRSA-N,C32H44O10,588.2934324,A_M26_posPFP_01,4.5,[M+H]+,589.3007,0.0,0.0,0.0,0.0,0.0
unknown243,YXNJBOPJNBXMGA-HUDUBEJRSA-N,C24H36O6,420.2511756,A_M23_posPFP_01,5.43,[M+H]+,421.2585,0.0,0.0,0.0,0.0,0.0
unknown244,LZIOIGRHSJIZED-UHFFFAOYSA-N,C26H42O11,530.2726982,A_M3_posPFP_02,2.89,[M+Na]+,0.0,0.0,553.2619,0.0,0.0,0.0
unknown245,VKSWFQCTDQBTII-STEXWYFWSA-N,C20H22O9,406.1263762,A_M6_posPFP_01,2.79,[M+NH4]+,0.0,424.1602,0.0,0.0,0.0,0.0
unknown246,WBPAMTGAAPNFPT-UHFFFAOYSA-N,C18H16O9,376.0794286,A_M28_negPFP_03,5.51,[M-H]-,0.0,0.0,0.0,375.0722,0.0,0.0
unknown247,PRDFBSVERLRRMY-UHFFFAOYSA-N,C27H28N6O,452.2324478,E_M86_posPFP_01,8.18,[M+H]+,453.2397,0.0,0.0,0.0,0.0,0.0
unknown248,NEMNPWINWMHUMR-UHFFFAOYSA-N,C19H11Cl2I2NO3,624.8205496,E_M35_posPFP_01,6.61,[M+H]+,625.8278,0.0,0.0,0.0,0.0,0.0
unknown249,YMZTUCZCQMQFMK-UHFFFAOYSA-N,C10H8O3,176.0473418,E_M44_negPFP_03,4.02,[M-H]-,0.0,0.0,0.0,175.0401,0.0,0.0
unknown250,NYICIIFSBJOBKE-UHFFFAOYSA-N,C10H12O2,164.0837252,A_M22_negPFP_03,1.03,[M+FA-H]-,0.0,0.0,0.0,0.0,209.0819,0.0
unknown251,UTQOLIYEFVSSCL-AICCOOGYSA-N,C15H22O7,314.1365462,A_M15_negPFP_03,0.79,[M+FA-H]-,0.0,0.0,0.0,0.0,359.1348,0.0
unknown252,BIQMSWPBPAKGSE-UHFFFAOYSA-N,C28H22O6,454.1416312,A_M12_posPFP_01,3.22,[M+H]+,455.1489,0.0,0.0,0.0,0.0,0.0
unknown253,CAIKQNWPWSTGHN-UHFFFAOYSA-N,C18H32O5,328.2249622,A_M15_posPFP_01,3.69,[M+H]+,329.2323,0.0,0.0,0.0,0.0,0.0
unknown254,CNXACDYPVKUDEK-UHFFFAOYSA-N,C14H16O5,264.0997686,A_M1_posPFP_01,1.72,[M+H]+,265.1071,0.0,0.0,0.0,0.0,0.0
unknown255,QZCLKYGREBVARF-UHFFFAOYSA-N,C20H34O8,402.2253564,A_M7_posPFP_01,6.24,[M+H]+,403.2326,0.0,0.0,0.0,0.0,0.0
unknown256,NNFJPOSVDKIWPO-JSNBICHOSA-N,C37H58O10,662.4029768,A_M19_posPFP_02,5.91,[M+Na]+,0.0,0.0,685.3922,0.0,0.0,0.0
unknown257,AJXDSAZVECQTSV-JCICCBKCSA-N,C21H36O8,416.2410056,A_M10_posPFP_01,5.2,[M+NH4]+,0.0,434.2748,0.0,0.0,0.0,0.0
unknown258,CKIDYWZCPUNPOX-UHFFFAOYSA-N,C30H44O5,484.3188574,A_M14_posPFP_01,5.98,[M+NH4]+,0.0,502.3527,0.0,0.0,0.0,0.0
unknown259,VDPAKISICIIDIJ-MPCGSQQASA-N,C18H24O9,384.1420254,A_M17_posPFP_01,2.14,[M+NH4]+,0.0,402.1759,0.0,0.0,0.0,0.0
unknown260,ADNMXQSCHOROTR-VHZKUOFCSA-N,C44H36O21,900.1749006,A_M2_negPFP_03,5.35,[M-H]-,0.0,0.0,0.0,899.1676,0.0,0.0
unknown261,LQZXAHKUYJVAAR-UHFFFAOYSA-N,C14H22O3,238.1568862,A_M1_negPFP_03,4.94,[M-H]-,0.0,0.0,0.0,237.1496,0.0,0.0
unknown262,NPDJLYQZNREONG-MNNDFKHZSA-N,C16H18O9,354.0950778,A_M13_negPFP_03,0.78,[M-H]-,0.0,0.0,0.0,353.0878,0.0,0.0
unknown263,FUZYTVDVLBBXDL-UHFFFAOYSA-N,C13H13ClN2O,248.0716358,E_M17_posPFP_01,5.35,[M+H]+,249.0789,0.0,0.0,0.0,0.0,0.0
unknown264,GKIBQZNTGYPVPX-BFWMOCKMSA-N,C57H92O26,1192.587653,A_M2_negPFP_04,4.92,[M+Cl]-,0.0,0.0,0.0,0.0,0.0,1227.5571
unknown265,XSSDYIMYZONMBL-UHFFFAOYSA-N,C13H16O8,300.0845136,A_M4_negPFP_03,0.34,[M+FA-H]-,0.0,0.0,0.0,0.0,345.0827,0.0
unknown266,ZVVJVAKXIGRPRA-UHFFFAOYSA-N,C22H36O7,412.2460906,A_M13_negPFP_03,5.08,[M+FA-H]-,0.0,0.0,0.0,0.0,457.2443,0.0
unknown267,DNVWQCQBNPHAPT-UHFFFAOYSA-N,C21H28O5,360.1936638,A_M15_posPFP_01,5.83,[M+H]+,361.201,0.0,0.0,0.0,0.0,0.0
unknown268,FKDSAXOHMLWBNA-XCBNKYQSSA-N,C13H16N2O6,296.1008316,A_M1_posPFP_01,2.0,[M+H]+,297.1081,0.0,0.0,0.0,0.0,0.0
unknown269,KZIADLALQLRZIQ-DBVHFHOUSA-N,C20H28O3,316.2038338,A_M1_posPFP_01,5.51,[M+H]+,317.2111,0.0,0.0,0.0,0.0,0.0
unknown270,SZJNCZMRZAUNQT-UHFFFAOYSA-N,C11H18N2O2,210.1368208,A_M8_posPFP_01,1.21,[M+H]+,211.1441,0.0,0.0,0.0,0.0,0.0
unknown271,WLCYEFFWFTVKQR-LTONGVQOSA-N,C21H20O12,464.095472,A_M12_posPFP_01,0.93,[M+H]+,465.1028,0.0,0.0,0.0,0.0,0.0
unknown272,KEVQRIWNMCXXHQ-UHFFFAOYSA-N,C32H50O7,546.355635,A_M14_posPFP_02,5.83,[M+Na]+,0.0,0.0,569.3449,0.0,0.0,0.0
unknown273,DWYFWLYCTOAXKY-XSNZJGGGSA-N,C19H28O10,416.1682388,A_M17_posPFP_01,1.13,[M+NH4]+,0.0,434.2021,0.0,0.0,0.0,0.0
unknown274,QOPHHVLUTLSYGH-UHFFFAOYSA-N,C48H86O25,1062.545791,A_M10_posPFP_01,5.48,[M+NH4]+,0.0,1080.5796,0.0,0.0,0.0,0.0
unknown275,BVFKMONTRIVXBO-UHFFFAOYSA-N,C20H26O5,346.1780146,A_M15_negPFP_03,4.15,[M-H]-,0.0,0.0,0.0,345.1707,0.0,0.0
unknown276,HBRRDZNNYPXQDQ-UHFFFAOYSA-N,C11H16O5,228.0997686,A_M22_negPFP_03,1.04,[M-H]-,0.0,0.0,0.0,227.0925,0.0,0.0
unknown277,RNKSNIBMTUYWSH-YFKPBYRVSA-N,C7H12N2O3,172.0847882,E_M28_posPFP_01,0.29,[M+H]+,173.0921,0.0,0.0,0.0,0.0,0.0
unknown278,IXBZGANUFHLILF-OGNZNRKXSA-N,C21H30O11,458.178803,A_M13_negPFP_03,2.14,[M+FA-H]-,0.0,0.0,0.0,0.0,503.177,0.0
unknown279,QTRIRAUZWBJZCA-LADYGZEBSA-N,C41H62O12,746.4241052,A_M15_negPFP_03,5.5,[M+FA-H]-,0.0,0.0,0.0,0.0,791.4223,0.0
unknown280,AXCJOIQUPCZRLS-UHFFFAOYSA-N,C16H18O4,274.1205028,A_M11_posPFP_01,4.65,[M+H]+,275.1278,0.0,0.0,0.0,0.0,0.0
unknown281,CCUGMZLHJFWECW-UHFFFAOYSA-N,C20H33NO6,383.2307758,A_M15_posPFP_01,4.98,[M+H]+,384.2381,0.0,0.0,0.0,0.0,0.0
unknown282,CGTJNKQXMHSGFN-IUFBPARZSA-N,C33H40O21,772.206199,A_M12_posPFP_01,0.55,[M+H]+,773.2135,0.0,0.0,0.0,0.0,0.0
unknown283,IQAAHGZZGBMTBN-UHFFFAOYSA-N,C30H46O5,486.3345066,A_M17_posPFP_01,6.05,[M+H]+,487.3418,0.0,0.0,0.0,0.0,0.0
unknown284,QQQXZACTFUGYLB-UHFFFAOYSA-N,C14H14N2O,226.1106074,A_M20_posPFP_01,4.31,[M+H]+,227.1179,0.0,0.0,0.0,0.0,0.0
unknown285,OQHQALGVQDTJDN-UHFFFAOYSA-N,C22H24O5,368.1623654,A_M1_posPFP_02,6.2,[M+Na]+,0.0,0.0,391.1516,0.0,0.0,0.0
unknown286,USXGDFAHMRCBBX-UHFFFAOYSA-N,C20H32O3,320.2351322,A_M8_posPFP_02,5.92,[M+Na]+,0.0,0.0,343.2244,0.0,0.0,0.0
unknown287,ZMPVBRFIWNEARM-FCYBPOFXSA-N,C54H80O27,1160.488673,A_M1_posPFP_01,5.93,[M+NH4]+,0.0,1178.5225,0.0,0.0,0.0,0.0
unknown288,LCIUOVOXWPIXOR-LMRBZDFLSA-N,C30H42O8,530.2879532,A_M4_negPFP_03,3.83,[M-H]-,0.0,0.0,0.0,529.2807,0.0,0.0
unknown289,WKFXEXJTYHWXLU-INIZCTEOSA-N,C16H24O5,296.1623654,A_M22_negPFP_03,4.67,[M-H]-,0.0,0.0,0.0,295.1551,0.0,0.0
unknown290,JBTHDAVBDKKSRW-FMQUCBEESA-N,C18H16N2O,276.1262566,E_M28_posPFP_01,6.38,[M+H]+,277.1335,0.0,0.0,0.0,0.0,0.0
unknown291,OKFRAIRVSPMCCP-GAKNCEQWSA-N,C53H84O23,1088.540311,A_M15_negPFP_03,4.69,[M+FA-H]-,0.0,0.0,0.0,0.0,1133.5385,0.0
unknown292,AEQDXSFIHGWHDV-RNKJKDHYSA-N,C15H22O2,234.1619712,A_M13_posPFP_01,5.82,[M+H]+,235.1693,0.0,0.0,0.0,0.0,0.0
unknown293,NKZPOJBFXMXUED-LBPRGKRZSA-N,C16H22O6,310.1416312,A_M11_posPFP_01,3.96,[M+H]+,311.1489,0.0,0.0,0.0,0.0,0.0
unknown294,PFSIWOQTKVCWEC-UHFFFAOYSA-N,C28H37NO8,515.2519042,A_M17_posPFP_01,5.21,[M+H]+,516.2592,0.0,0.0,0.0,0.0,0.0
unknown295,YBQTVIMCHXORHO-UHFFFAOYSA-N,C15H10O6,286.047736,A_M20_posPFP_01,5.4,[M+H]+,287.055,0.0,0.0,0.0,0.0,0.0
unknown296,AEMJDNJKSCBKRL-UHFFFAOYSA-N,C27H34O11,534.2101014,A_M8_posPFP_02,3.58,[M+Na]+,0.0,0.0,557.1993,0.0,0.0,0.0
unknown297,CYAWKJKAMCXLET-UHFFFAOYSA-N,C15H22O6,298.1416312,A_M2_posPFP_02,1.59,[M+Na]+,0.0,0.0,321.1309,0.0,0.0,0.0
unknown298,GGUPBNDFNVHEBP-PANSSLBXSA-N,C16H24O10,376.1369404,A_M1_posPFP_01,0.48,[M+NH4]+,0.0,394.1708,0.0,0.0,0.0,0.0
unknown299,SRCUJKNQZOLYMY-UHFFFAOYSA-N,C27H40O6,460.282474,A_M15_posPFP_01,3.48,[M+NH4]+,0.0,478.3163,0.0,0.0,0.0,0.0
unknown300,UKLPMOHKLUPGON-LJNAWGQTSA-N,C39H50O24,902.26919,A_M4_negPFP_03,0.63,[M-H]-,0.0,0.0,0.0,901.2619,0.0,0.0
unknown301,VZZORQCDLWXFQF-HQBFLTFPSA-N,C23H26O13,510.1373346,A_M13_negPFP_03,2.43,[M-H]-,0.0,0.0,0.0,509.1301,0.0,0.0
unknown302,WVVXBPKOIZGVNS-UHFFFAOYSA-N,C19H20N2O,292.157555,E_M28_posPFP_01,5.35,[M+H]+,293.1648,0.0,0.0,0.0,0.0,0.0
unknown303,JVLBOZIUMGNKQW-PFEIDDDNSA-N,C48H74O19,954.4824054,A_M16_negPFP_03,4.47,[M+FA-H]-,0.0,0.0,0.0,0.0,999.4806,0.0
unknown304,QMTVSBYGSSFPPX-XQDZFCBSSA-N,C59H96O25,1204.624037,A_M4_negPFP_03,5.12,[M+FA-H]-,0.0,0.0,0.0,0.0,1249.6223,0.0
unknown305,BYCBJBLIOKGBPB-BIYNXQDYSA-N,C30H44O5,484.3188574,A_M15_posPFP_01,5.87,[M+H]+,485.3262,0.0,0.0,0.0,0.0,0.0
unknown306,GNZBDHIIHNEXIT-UHFFFAOYSA-N,C13H15NO5,265.095018,A_M13_posPFP_01,2.99,[M+H]+,266.1023,0.0,0.0,0.0,0.0,0.0
unknown307,GPFVBJYXFRIOFB-UHFFFAOYSA-N,C20H28O3,316.2038338,A_M2_posPFP_01,5.56,[M+H]+,317.2111,0.0,0.0,0.0,0.0,0.0
unknown308,IAJIIJBMBCZPSW-BDAKNGLRSA-N,C16H16O4,272.1048536,A_M9_posPFP_01,4.89,[M+H]+,273.1121,0.0,0.0,0.0,0.0,0.0
unknown309,WWRKWRLCWQCCHU-UHFFFAOYSA-N,C12H19NO3,225.1364864,A_M18_posPFP_01,2.64,[M+H]+,226.1438,0.0,0.0,0.0,0.0,0.0
unknown310,XIQRWECUXAGJNR-UHFFFAOYSA-N,C21H26O4,342.1830996,A_M11_posPFP_01,6.08,[M+H]+,343.1904,0.0,0.0,0.0,0.0,0.0
unknown311,GHHWUZRWIRAIRD-UHFFFAOYSA-N,C19H31NO6,369.2151266,A_M20_posPFP_02,4.06,[M+Na]+,0.0,0.0,392.2044,0.0,0.0,0.0
unknown312,JQZXPIPFYNVPHJ-GPFYMJNESA-N,C25H38O12,530.2363148,A_M1_posPFP_02,2.03,[M+Na]+,0.0,0.0,553.2255,0.0,0.0,0.0
unknown313,HQQSMUBDNVIUPF-DGCJFVAGSA-N,C27H26O12,542.1424196,A_M13_negPFP_03,2.65,[M-H]-,0.0,0.0,0.0,541.1351,0.0,0.0
unknown314,ZMWRRFHBXARRRT-UHFFFAOYSA-N,C22H29N3O,351.2310504,E_M28_posPFP_01,6.74,[M+H]+,352.2383,0.0,0.0,0.0,0.0,0.0
unknown315,BYJHCUIKVIAEAC-UHFFFAOYSA-N,C15H28O4,272.1987488,A_M18_posPFP_01,5.59,[M+H]+,273.206,0.0,0.0,0.0,0.0,0.0
unknown316,GHBZHAWROFXWAR-NZQKXSOJSA-N,C23H24O7,412.1521954,A_M11_posPFP_01,5.52,[M+H]+,413.1595,0.0,0.0,0.0,0.0,0.0
unknown317,PDDXWOMYBJCSQB-UHFFFAOYSA-N,C22H26O6,386.1729296,A_M20_posPFP_01,5.92,[M+H]+,387.1802,0.0,0.0,0.0,0.0,0.0
unknown318,UDSPVVBVMAWQTL-KHXVSDPLSA-N,C42H46O22,902.2480616,A_M2_posPFP_01,2.79,[M+H]+,903.2553,0.0,0.0,0.0,0.0,0.0
unknown319,WFNXTYLZRVHCCW-UHFFFAOYSA-N,C17H22O3,274.1568862,A_M13_posPFP_01,5.94,[M+H]+,275.1642,0.0,0.0,0.0,0.0,0.0
unknown320,DDGJUTBQQURRGE-UHFFFAOYSA-N,C19H18O6,342.1103328,A_M9_posPFP_02,5.61,[M+Na]+,0.0,0.0,365.0996,0.0,0.0,0.0
unknown321,AOOZOANZHYOTDM-UHFFFAOYSA-N,C26H42O10,514.2777832,A_M15_posPFP_01,2.83,[M+NH4]+,0.0,532.3116,0.0,0.0,0.0,0.0
unknown322,HVQJVSACIKTWQR-RYXVVOBLSA-N,C31H36O8,536.2410056,A_M1_posPFP_01,6.03,[M+NH4]+,0.0,554.2748,0.0,0.0,0.0,0.0
unknown323,COTTWHFDYUNZOT-UHFFFAOYSA-N,C29H46O6,490.3294216,A_M6_negPFP_03,5.37,[M-H]-,0.0,0.0,0.0,489.3222,0.0,0.0
unknown324,UAEZPQXQAIYKCX-UKLCWAQSSA-N,C75H118O39,1642.724988,A_M16_negPFP_03,5.37,[M-H]-,0.0,0.0,0.0,1641.7177,0.0,0.0
unknown325,UDJCPBQDHIOJEZ-RJDNMXFMSA-N,C53H86O22,1074.561046,A_M13_negPFP_03,5.21,[M-H]-,0.0,0.0,0.0,1073.5538,0.0,0.0
unknown326,LHDWRKICQLTVDL-CLLMHHLUSA-N,C15H22O10,362.1212912,E_M28_posPFP_01,0.23,[M+NH4]+,0.0,380.1551,0.0,0.0,0.0,0.0
unknown327,ROLIIKCIEQNTMT-RLASXNLOSA-N,C47H72O17,908.4769262,A_M6_negPFP_03,5.27,[M+FA-H]-,0.0,0.0,0.0,0.0,953.4752,0.0
unknown328,AWOGQCSIVCQXBT-UGCQDJOBSA-N,C21H22O6,370.1416312,A_M3_posPFP_01,5.6,[M+H]+,371.1489,0.0,0.0,0.0,0.0,0.0
unknown329,GFMYIOGFYYHKLA-MSOLQXFVSA-N,C20H24O7,376.1521954,A_M9_posPFP_01,4.53,[M+H]+,377.1595,0.0,0.0,0.0,0.0,0.0
unknown330,NJQQRUULYCFGOY-UHFFFAOYSA-N,C15H20O5,280.131067,A_M18_posPFP_01,3.25,[M+H]+,281.1384,0.0,0.0,0.0,0.0,0.0
unknown331,NYZUREUOQAHPFZ-QWCCAIKUSA-N,C42H46O22,902.2480616,A_M1_posPFP_01,2.31,[M+H]+,903.2553,0.0,0.0,0.0,0.0,0.0
unknown332,WRDRGEUZCODXHY-UHFFFAOYSA-N,C35H46O12,658.2989116,A_M15_posPFP_01,5.53,[M+H]+,659.3062,0.0,0.0,0.0,0.0,0.0
unknown333,ZADCROHMCBYQOL-KSFZEVTFSA-N,C21H36O8,416.2410056,A_M11_posPFP_01,3.83,[M+H]+,417.2483,0.0,0.0,0.0,0.0,0.0
unknown334,CCXYKDOOFDMCGS-GLAVUTQJSA-N,C20H34O3,322.2507814,A_M13_posPFP_02,5.53,[M+Na]+,0.0,0.0,345.24,0.0,0.0,0.0
unknown335,FLBWVIKFCMUTDS-SZNDQCEHSA-N,C23H30O7,418.199143,A_M20_posPFP_01,5.89,[M+NH4]+,0.0,436.233,0.0,0.0,0.0,0.0
unknown336,OEEQFNDQHVCCFW-JBRULZQPSA-N,C64H102O32,1382.635389,A_M13_negPFP_03,4.3,[M-H]-,0.0,0.0,0.0,1381.6281,0.0,0.0
unknown337,VWNBIHJYLBWFKS-UHFFFAOYSA-N,C12H16O4,224.1048536,A_M17_negPFP_03,0.94,[M-H]-,0.0,0.0,0.0,223.0976,0.0,0.0
unknown338,TUUXBSASAQJECY-UHFFFAOYSA-N,C21H20O6,368.125982,E_M28_posPFP_01,6.01,[M+H]+,369.1333,0.0,0.0,0.0,0.0,0.0
unknown339,SHDCOAGAKQAHTD-VONUOISVSA-N,C60H96O30,1296.598612,A_M8_negPFP_03,4.43,[M+FA-H]-,0.0,0.0,0.0,0.0,1341.5968,0.0
unknown340,LUNSNRWUCHZPDQ-UHFFFAOYSA-N,C22H34O5,378.2406114,A_M13_posPFP_01,2.99,[M+H]+,379.2479,0.0,0.0,0.0,0.0,0.0
unknown341,SWBWWNMIUNNZJC-UHFFFAOYSA-N,C11H10O5,222.052821,A_M16_posPFP_01,0.99,[M+H]+,223.0601,0.0,0.0,0.0,0.0,0.0
unknown342,PPVPALXLGVOWHV-UHFFFAOYSA-N,C9H14O4,186.0892044,A_M2_posPFP_02,1.82,[M+Na]+,0.0,0.0,209.0784,0.0,0.0,0.0
unknown343,STSAPANRGPUFDY-VAVSPWHYSA-N,C19H32O12,452.1893672,A_M11_posPFP_02,0.47,[M+Na]+,0.0,0.0,475.1786,0.0,0.0,0.0
unknown344,XUADVCPTUKSFOK-BKZLMLJWSA-N,C14H21NO7,315.1317956,A_M18_posPFP_02,0.38,[M+Na]+,0.0,0.0,338.121,0.0,0.0,0.0
unknown345,CJHYKSSBQRABTM-WTTBAFRVSA-N,C36H58O10,650.4029768,A_M9_posPFP_01,5.29,[M+NH4]+,0.0,668.4368,0.0,0.0,0.0,0.0
unknown346,KZGFHCNCJXEGAD-JAVVREIBSA-N,C30H48O5,488.3501558,A_M20_posPFP_01,5.89,[M+NH4]+,0.0,506.384,0.0,0.0,0.0,0.0
unknown347,PGNVHGFFGWMRSN-XGGIRRNYSA-N,C22H27ClO10,486.1292672,A_M3_posPFP_01,4.8,[M+NH4]+,0.0,504.1631,0.0,0.0,0.0,0.0
unknown348,MRKJHJBMSPPNKC-UHFFFAOYSA-N,C15H20O5,280.131067,A_M17_negPFP_03,4.16,[M-H]-,0.0,0.0,0.0,279.1238,0.0,0.0
unknown349,PKORXOLYTWDULG-RDTXWAMCSA-N,C19H22O6,346.1416312,A_M14_negPFP_03,2.12,[M-H]-,0.0,0.0,0.0,345.1344,0.0,0.0
unknown350,UIYWFOZZIZEEKJ-XVFCMESISA-N,C9H11FN2O5,246.0651968,E_M28_negPFP_03,0.33,[M+FA-H]-,0.0,0.0,0.0,0.0,291.0634,0.0
unknown351,PWVXXGRKLHYWKM-LJQANCHMSA-N,C22H26N2O2S,382.1714896,E_M28_posPFP_01,5.55,[M+H]+,383.1788,0.0,0.0,0.0,0.0,0.0
unknown352,KDGYEAWBQIDEFT-LUFHAGIYSA-N,C53H86O22,1074.561046,A_M14_negPFP_03,3.42,[M+FA-H]-,0.0,0.0,0.0,0.0,1119.5593,0.0
unknown353,MCPFEAJYKIXPQF-FJXGNUQDSA-N,C63H98O29,1318.619346,A_M10_negPFP_03,4.99,[M+FA-H]-,0.0,0.0,0.0,0.0,1363.6176,0.0
unknown354,VXRNZMDDBZNPKJ-PPFLKOLASA-N,C41H66O12,750.4554036,A_M17_negPFP_03,5.54,[M+FA-H]-,0.0,0.0,0.0,0.0,795.4536,0.0
unknown355,GJOYPICCRRYJFZ-IHJCDDSVSA-N,C16H26O7,330.1678446,A_M18_posPFP_01,1.73,[M+H]+,331.1751,0.0,0.0,0.0,0.0,0.0
unknown356,HIFMHFYYAXWFIN-UHFFFAOYSA-N,C15H14O3,242.0942894,A_M2_posPFP_01,3.89,[M+H]+,243.1016,0.0,0.0,0.0,0.0,0.0
unknown357,REIKGNZFNCYMMZ-RWYVSWDTSA-N,C28H37NO7,499.2569892,A_M11_posPFP_01,5.78,[M+H]+,500.2643,0.0,0.0,0.0,0.0,0.0
unknown358,TYVCBWCQQAMFRG-HNNXBMFYSA-N,C15H22O2,234.1619712,A_M16_posPFP_01,5.83,[M+H]+,235.1693,0.0,0.0,0.0,0.0,0.0
unknown359,FLXWNHMMKNTKDN-UHFFFAOYSA-N,C36H60O10,652.418626,A_M13_posPFP_02,5.58,[M+Na]+,0.0,0.0,675.4079,0.0,0.0,0.0
unknown360,XYQJFJKRYAIFAO-KVGJNFRLSA-N,C30H32O8,520.2097072,A_M20_posPFP_02,6.11,[M+Na]+,0.0,0.0,543.1989,0.0,0.0,0.0
unknown361,ISTWCKNDZOSMPU-CIORFEAFSA-N,C48H78O17,926.5238738,A_M9_posPFP_01,5.53,[M+NH4]+,0.0,944.5577,0.0,0.0,0.0,0.0
unknown362,LKYNAQSYQLFTCM-MLIAOTSXSA-N,C32H50O8,562.35055,A_M3_posPFP_01,5.26,[M+NH4]+,0.0,580.3844,0.0,0.0,0.0,0.0
unknown363,NZCRJKRKKOLAOJ-XWSQLESMSA-N,C43H51N3O11,785.3523416,E_M33_posPFP_02,5.8,[M+Na]+,0.0,0.0,808.3416,0.0,0.0,0.0
unknown364,VSQQQLOSPVPRAZ-RRKCRQDMSA-N,C10H11F3N2O5,296.0620032,E_M28_negPFP_03,0.58,[M-H]-,0.0,0.0,0.0,295.0547,0.0,0.0
unknown365,BSMORZQXPRJUEU-UHFFFAOYSA-N,C40H55N7O9,777.406106,A_M13_posPFP_01,5.31,[M+H]+,778.4134,0.0,0.0,0.0,0.0,0.0
unknown366,DBRPBQZVPSHBSR-UHFFFAOYSA-N,C15H26O7,318.1678446,A_M21_posPFP_01,3.39,[M+H]+,319.1751,0.0,0.0,0.0,0.0,0.0
unknown367,UDSPVVBVMAWQTL-PETBMZKLSA-N,C42H46O22,902.2480616,A_M3_posPFP_01,2.8,[M+H]+,903.2553,0.0,0.0,0.0,0.0,0.0
unknown368,XEVQXKKKAVVSMW-UHFFFAOYSA-N,C11H16O3,196.1099386,A_M10_posPFP_01,1.62,[M+H]+,197.1172,0.0,0.0,0.0,0.0,0.0
unknown369,LQXFBNBJYFTPIH-UHFFFAOYSA-N,C15H24O4,268.1674504,A_M16_posPFP_02,3.47,[M+Na]+,0.0,0.0,291.1567,0.0,0.0,0.0
unknown370,WUZMQUYIFZVHQK-UHFFFAOYSA-N,C20H30O5,350.209313,A_M18_posPFP_02,6.03,[M+Na]+,0.0,0.0,373.1985,0.0,0.0,0.0
unknown371,MVLIBLLSHYGYKV-UHFFFAOYSA-N,C16H14O8,334.0688644,A_M2_posPFP_01,2.42,[M+NH4]+,0.0,352.1027,0.0,0.0,0.0,0.0
unknown372,SNDSJLKXRHARRI-BKGYPRMNSA-N,C24H28O14,540.1478988,A_M11_posPFP_01,2.01,[M+NH4]+,0.0,558.1817,0.0,0.0,0.0,0.0
unknown373,FHMLSFRFOXEUGU-NYEXGJSRSA-N,C41H62O15,794.4088502,A_M17_negPFP_03,5.85,[M-H]-,0.0,0.0,0.0,793.4016,0.0,0.0
unknown374,GAWKUNMREBFQOL-ISOBSLSZSA-N,C15H20O3,248.141237,A_M20_negPFP_03,4.17,[M-H]-,0.0,0.0,0.0,247.134,0.0,0.0
unknown375,IFBHRQDFSNCLOZ-IIRVCBMXSA-N,C12H15NO8,301.079763,E_M28_negPFP_03,0.94,[M+FA-H]-,0.0,0.0,0.0,0.0,346.078,0.0
unknown376,UCHDWCPVSPXUMX-XNTDXEJSSA-N,C35H36ClNO3S,585.2104296,E_M17_posPFP_01,6.36,[M+H]+,586.2177,0.0,0.0,0.0,0.0,0.0
unknown377,FCFNRCROJUBPLU-DNDCDFAISA-N,C54H90N6O18,1110.631128,E_M33_posPFP_01,6.73,[M+NH4]+,0.0,1128.665,0.0,0.0,0.0,0.0
unknown378,RRGXTNAHUODMQF-NGMIUWCPSA-N,C20H32O3,320.2351322,A_M10_negPFP_03,5.65,[M+FA-H]-,0.0,0.0,0.0,0.0,365.2333,0.0
unknown379,ZZGSDJOIQPLEJT-UHFFFAOYSA-N,C30H61NO8,563.4396946,A_M20_negPFP_03,5.98,[M+FA-H]-,0.0,0.0,0.0,0.0,608.4379,0.0
unknown380,AHKUFTRUMQKIPH-YTBLMUGYSA-N,C20H28O3,316.2038338,A_M4_posPFP_01,5.77,[M+H]+,317.2111,0.0,0.0,0.0,0.0,0.0
unknown381,BVDGQVAUJNUPGW-XZYNUEHNSA-N,C32H38O14,646.2261448,A_M11_posPFP_01,5.45,[M+H]+,647.2334,0.0,0.0,0.0,0.0,0.0
unknown382,INRRKSNDPRKXCH-UHFFFAOYSA-N,C21H36O3,336.2664306,A_M2_posPFP_01,5.57,[M+H]+,337.2737,0.0,0.0,0.0,0.0,0.0
unknown383,IQWFMLIFUZTUPY-TYRDIDCNSA-N,C18H24O11,416.1318554,A_M16_posPFP_01,1.94,[M+H]+,417.1391,0.0,0.0,0.0,0.0,0.0
unknown384,RTJHZPMEHNGXKQ-SQCZSNSMSA-N,C47H74O19,942.4824054,A_M13_posPFP_02,4.1,[M+Na]+,0.0,0.0,965.4716,0.0,0.0,0.0
unknown385,WMABCPOXSNGIJO-UHFFFAOYSA-N,C26H34O12,538.2050164,A_M10_posPFP_02,1.09,[M+Na]+,0.0,0.0,561.1942,0.0,0.0,0.0
unknown386,KABDICRTRLPPFE-DHLSWZRESA-N,C19H28O8,384.1784088,A_M18_posPFP_01,4.45,[M+NH4]+,0.0,402.2122,0.0,0.0,0.0,0.0
unknown387,XMGYICKYGJRMIY-UHFFFAOYSA-N,C20H26O4,330.1830996,A_M21_posPFP_01,5.92,[M+NH4]+,0.0,348.2169,0.0,0.0,0.0,0.0
unknown388,VYHYYPSTYRXLPO-HYKQYNPXSA-N,C48H76O19,956.4980546,A_M17_negPFP_03,3.91,[M-H]-,0.0,0.0,0.0,955.4908,0.0,0.0
unknown389,QUQPHWDTPGMPEX-SGHBVPQBSA-N,C28H34O15,610.1897614,E_M17_posPFP_01,2.85,[M+H]+,611.197,0.0,0.0,0.0,0.0,0.0
unknown390,HPLNQCPCUACXLM-PGUFJCEWSA-N,C42H45ClN6O5S2,812.258123,E_M33_posPFP_01,8.22,[M+H]+,813.2654,0.0,0.0,0.0,0.0,0.0
unknown391,QFVOYBUQQBFCRH-VQSWZGCSSA-N,C20H30O3,318.219483,E_M28_negPFP_03,5.69,[M-H]-,0.0,0.0,0.0,317.2122,0.0,0.0
unknown392,JCZHPSVJKBHAGR-CDFHCRDHSA-N,C41H66O12,750.4554036,A_M18_negPFP_03,5.54,[M+FA-H]-,0.0,0.0,0.0,0.0,795.4536,0.0
unknown393,SJXTZRXLMREHNE-NXKUZLGNSA-N,C41H64O13,764.4346694,A_M20_negPFP_03,5.35,[M+FA-H]-,0.0,0.0,0.0,0.0,809.4329,0.0
unknown394,FNELRTTWUIVSEN-HSZRJFAPSA-N,C26H28N2,368.2252368,A_M2_posPFP_01,6.29,[M+H]+,369.2325,0.0,0.0,0.0,0.0,0.0
unknown395,IIIQNYBMLKYCLT-UHFFFAOYSA-N,C22H28N2O6,416.1947268,A_M18_posPFP_01,5.25,[M+H]+,417.202,0.0,0.0,0.0,0.0,0.0
unknown396,LCDHGZGHZZLGHK-UHFFFAOYSA-N,C26H34O9,490.2202714,A_M4_posPFP_01,5.45,[M+H]+,491.2276,0.0,0.0,0.0,0.0,0.0
unknown397,SUFSOKMJLLAQQX-HLHNXRDNSA-N,C15H22O2,234.1619712,A_M14_posPFP_01,5.9,[M+H]+,235.1693,0.0,0.0,0.0,0.0,0.0
unknown398,LARPFJIXBULVPK-LFHLQLAPSA-N,C36H58O10,650.4029768,A_M10_posPFP_02,5.13,[M+Na]+,0.0,0.0,673.3922,0.0,0.0,0.0
unknown399,WWFRJDFUXORQBA-UHFFFAOYSA-N,C19H31NO6,369.2151266,A_M21_posPFP_02,4.2,[M+Na]+,0.0,0.0,392.2044,0.0,0.0,0.0
unknown400,QENWCQKJIZGISX-UHFFFAOYSA-N,C31H40O15,652.236709,A_M11_posPFP_01,3.77,[M+NH4]+,0.0,670.2705,0.0,0.0,0.0,0.0
unknown401,YXWUKVNWHJHQJJ-ULHBTYKESA-N,C20H30O12,462.173718,A_M16_posPFP_01,0.44,[M+NH4]+,0.0,480.2075,0.0,0.0,0.0,0.0
unknown402,BAGGOTACEXSWCA-TXUJKZCJSA-N,C16H22O8,342.1314612,A_M10_negPFP_03,1.33,[M-H]-,0.0,0.0,0.0,341.1242,0.0,0.0
unknown403,ZHSOTLOTTDYIIK-UHFFFAOYSA-N,C15H13I2NO4,524.8934078,E_M17_posPFP_01,3.8,[M+H]+,525.9007,0.0,0.0,0.0,0.0,0.0
unknown404,QLFZZSKTJWDQOS-YDBLARSUSA-N,C50H74O14,898.5078304,E_M33_posPFP_02,6.23,[M+Na]+,0.0,0.0,921.4971,0.0,0.0,0.0
unknown405,IJTFWVKHFTZVSR-ZETCQYMHSA-N,C10H16O3,184.1099386,A_M1_negPFP_04,1.24,[M+Cl]-,0.0,0.0,0.0,0.0,0.0,219.0793
unknown406,AFWKBSMFXWNGRE-UHFFFAOYSA-N,C11H12O3,192.0786402,A_M5_posPFP_01,2.78,[M+H]+,193.0859,0.0,0.0,0.0,0.0,0.0
unknown407,SMOXLKTYOHPSFE-ZETCQYMHSA-N,C14H18O5,266.1154178,A_M14_posPFP_01,4.95,[M+H]+,267.1227,0.0,0.0,0.0,0.0,0.0
unknown408,XBZIUXVIWRAJKB-UHFFFAOYSA-N,C21H22O8,402.1314612,A_M2_posPFP_01,5.27,[M+H]+,403.1387,0.0,0.0,0.0,0.0,0.0
unknown409,ZRJPWPHGPZYNIS-CVEARBPZSA-N,C27H32O7,468.2147922,A_M18_posPFP_01,6.25,[M+H]+,469.2221,0.0,0.0,0.0,0.0,0.0
unknown410,JKWDYHQUZQNLNR-UHFFFAOYSA-N,C30H48O6,504.3450708,A_M21_posPFP_01,5.17,[M+NH4]+,0.0,522.3789,0.0,0.0,0.0,0.0
unknown411,JYXVAMLAJSGCDL-NFVTZAPZSA-N,C32H40O8,552.272304,A_M16_posPFP_01,5.94,[M+NH4]+,0.0,570.3061,0.0,0.0,0.0,0.0
unknown412,OEXNWSIXBSIJSR-VCFHHZPJSA-N,C44H74O21,938.4722354,A_M11_posPFP_01,3.96,[M+NH4]+,0.0,956.5061,0.0,0.0,0.0,0.0
unknown413,OHLTUTMHRFQVHX-UHFFFAOYSA-N,C21H34O4,350.2456964,A_M10_negPFP_03,5.72,[M-H]-,0.0,0.0,0.0,349.2384,0.0,0.0
unknown414,PIVYLYLYFUMPBO-UHFFFAOYSA-N,C15H20O3,248.141237,A_M19_negPFP_03,4.66,[M-H]-,0.0,0.0,0.0,247.134,0.0,0.0
unknown415,RAXNUTINVDSFEU-NKWVEPMBSA-N,C8H8O3,152.0473418,A_M21_negPFP_03,1.06,[M-H]-,0.0,0.0,0.0,151.0401,0.0,0.0
unknown416,ANZXOIAKUNOVQU-UHFFFAOYSA-N,C18H29N3O5,367.2107104,E_M17_posPFP_01,4.4,[M+H]+,368.218,0.0,0.0,0.0,0.0,0.0
unknown417,GSLQFCAUUPKMEV-UHFFFAOYSA-N,C10H14O4,198.0892044,A_M1_negPFP_04,0.78,[M+Cl]-,0.0,0.0,0.0,0.0,0.0,233.0586
unknown418,HPNXJLIPUVXDNH-SPWCGHHHSA-N,C15H20O5,280.131067,A_M19_negPFP_03,0.68,[M+FA-H]-,0.0,0.0,0.0,0.0,325.1293,0.0
unknown419,BNZVTXLUECVXIJ-UHFFFAOYSA-N,C17H22O3,274.1568862,A_M14_posPFP_01,5.63,[M+H]+,275.1642,0.0,0.0,0.0,0.0,0.0
unknown420,OQQCBMOTOPRDSL-UHFFFAOYSA-N,C30H46O5,486.3345066,A_M18_posPFP_01,6.01,[M+H]+,487.3418,0.0,0.0,0.0,0.0,0.0
unknown421,OZEXWSOYHYUSFA-OQDXJULVSA-N,C37H56O10,660.3873276,A_M16_posPFP_01,5.89,[M+H]+,661.3946,0.0,0.0,0.0,0.0,0.0
unknown422,PONBYQAAIAEAEY-UHFFFAOYSA-N,C26H32O6,440.2198772,A_M2_posPFP_01,6.11,[M+H]+,441.2272,0.0,0.0,0.0,0.0,0.0
unknown423,WAHUIEHYVBLIER-SFHVURJKSA-N,C20H24O5,344.1623654,A_M5_posPFP_01,3.9,[M+NH4]+,0.0,362.1962,0.0,0.0,0.0,0.0
unknown424,ZIPCQERYPWBFTF-UHFFFAOYSA-N,C48H86O25,1062.545791,A_M11_posPFP_01,5.51,[M+NH4]+,0.0,1080.5796,0.0,0.0,0.0,0.0
unknown425,KTDWFYOXQQWERW-GCNAUYOQSA-N,C21H22O11,450.1162062,A_M10_negPFP_03,2.85,[M-H]-,0.0,0.0,0.0,449.1089,0.0,0.0
unknown426,PNGRUNJOXYILEZ-UHFFFAOYSA-N,C12H18O4,226.1205028,A_M21_negPFP_03,3.72,[M-H]-,0.0,0.0,0.0,225.1132,0.0,0.0
unknown427,QWCJHSGMANYXCW-UHFFFAOYSA-N,C15H14N4O2S,314.0837424,E_M17_posPFP_01,3.23,[M+H]+,315.091,0.0,0.0,0.0,0.0,0.0
unknown428,GELOPBLVWSJPGZ-GQKYFYALSA-N,C47H80O18,932.534438,A_M10_negPFP_03,5.45,[M+FA-H]-,0.0,0.0,0.0,0.0,977.5327,0.0
unknown429,FWINXQRXURMYOG-JVZFEXMQSA-N,C32H38O15,662.2210598,A_M18_posPFP_01,4.64,[M+H]+,663.2283,0.0,0.0,0.0,0.0,0.0
unknown430,PJORSFDPCGOEBJ-UHFFFAOYSA-N,C26H35N3O6,485.252573,A_M2_posPFP_01,4.78,[M+H]+,486.2599,0.0,0.0,0.0,0.0,0.0
unknown431,YOBDBZVQMUJKOX-UHFFFAOYSA-N,C33H63O19P,794.3700978,A_M16_posPFP_01,5.65,[M+H]+,795.3774,0.0,0.0,0.0,0.0,0.0
unknown432,ZMYLTLIECAVXTL-LLVKDONJSA-N,C11H18O4,214.1205028,A_M12_posPFP_02,1.77,[M+Na]+,0.0,0.0,237.1097,0.0,0.0,0.0
unknown433,JMCVYQUHLKARLD-UHFFFAOYSA-N,C27H32O14,580.1791972,A_M5_posPFP_01,2.48,[M+NH4]+,0.0,598.213,0.0,0.0,0.0,0.0
unknown434,PRBPGFIPERGSFI-USKPATFNSA-N,C14H18O8,314.1001628,A_M14_posPFP_01,0.47,[M+NH4]+,0.0,332.134,0.0,0.0,0.0,0.0
unknown435,CKOCCDGTCOMPKL-LBPRGKRZSA-N,C17H16O6,316.0946836,A_M19_negPFP_03,3.92,[M-H]-,0.0,0.0,0.0,315.0874,0.0,0.0
unknown436,KMIAVXXXWOJFRF-LJQANCHMSA-N,C25H26O7,438.1678446,A_M1_negPFP_03,5.04,[M-H]-,0.0,0.0,0.0,437.1606,0.0,0.0
unknown437,KUIKAQQHWIBPIM-INIZCTEOSA-N,C16H20O4,276.136152,A_M21_negPFP_03,5.15,[M-H]-,0.0,0.0,0.0,275.1289,0.0,0.0
unknown438,YYUAYBYLJSNDCX-UHFFFAOYSA-N,C14H13N3O5S,335.0575888,E_M17_posPFP_01,5.47,[M+H]+,336.0649,0.0,0.0,0.0,0.0,0.0
unknown439,VDBSGEAWBANKNK-UVKFBWJXSA-N,C38H58O12,706.3928068,A_M1_negPFP_03,5.5,[M+FA-H]-,0.0,0.0,0.0,0.0,751.391,0.0
unknown440,YQIHQJXXKNXTBN-VKNJEMGASA-N,C16H26O7,330.1678446,A_M19_negPFP_03,0.99,[M+FA-H]-,0.0,0.0,0.0,0.0,375.1661,0.0
unknown441,CPKUECAWPOGBJH-PHTWEMEZSA-N,C48H78O19,958.5137038,A_M18_posPFP_01,4.41,[M+H]+,959.521,0.0,0.0,0.0,0.0,0.0
unknown442,MYROJYNCTNKRCD-UHFFFAOYSA-N,C15H14O4,258.0892044,A_M10_posPFP_01,5.57,[M+H]+,259.0965,0.0,0.0,0.0,0.0,0.0
unknown443,GZDNGWOBFHUEOM-OSUNSFLBSA-N,C12H22O6,262.1416312,A_M12_posPFP_02,1.26,[M+Na]+,0.0,0.0,285.1309,0.0,0.0,0.0
unknown444,LBOKXCGOVQDBKC-UHFFFAOYSA-N,C18H32O5,328.2249622,A_M14_posPFP_02,3.88,[M+Na]+,0.0,0.0,351.2142,0.0,0.0,0.0
unknown445,RHABJANPSGWEFC-UHFFFAOYSA-N,C29H38O9,530.2515698,A_M2_posPFP_02,5.85,[M+Na]+,0.0,0.0,553.2408,0.0,0.0,0.0
unknown446,QLZQRHCCZJLVSJ-DGYDAYBGSA-N,C53H84O23,1088.540311,A_M16_posPFP_01,3.31,[M+NH4]+,0.0,1106.5742,0.0,0.0,0.0,0.0
unknown447,YTPBUIWNJRGZFW-HNBASAHXSA-N,C47H74O18,926.4874904,A_M5_posPFP_01,5.23,[M+NH4]+,0.0,944.5213,0.0,0.0,0.0,0.0
unknown448,BZBZUGSXRITWQR-UHFFFAOYSA-N,C19H18O7,358.1052478,A_M21_negPFP_03,4.15,[M-H]-,0.0,0.0,0.0,357.098,0.0,0.0
unknown449,TUOKVBKUAPFXAA-VRZLRGRSSA-N,C63H100O30,1336.62991,A_M11_negPFP_03,4.95,[M-H]-,0.0,0.0,0.0,1335.6227,0.0,0.0
unknown450,QIALRBLEEWJACW-INIZCTEOSA-N,C17H16N2O3,296.1160866,E_M17_posPFP_01,3.65,[M+H]+,297.1234,0.0,0.0,0.0,0.0,0.0
unknown451,KMEIZYNJCUTZNU-STDVHTBBSA-N,C53H86O22,1074.561046,A_M12_negPFP_03,5.21,[M+FA-H]-,0.0,0.0,0.0,0.0,1119.5593,0.0
unknown452,BHEGXSNCDUBUFA-UHFFFAOYSA-N,C16H16O4,272.1048536,A_M10_posPFP_01,4.32,[M+H]+,273.1121,0.0,0.0,0.0,0.0,0.0
unknown453,DXUWKSUWEMSKDA-QZXZYWPKSA-N,C11H14O5,226.0841194,A_M19_posPFP_01,1.11,[M+H]+,227.0914,0.0,0.0,0.0,0.0,0.0
unknown454,HBQSMPQLVZXNJG-UHFFFAOYSA-N,C15H22O2,234.1619712,A_M17_posPFP_01,5.95,[M+H]+,235.1693,0.0,0.0,0.0,0.0,0.0
unknown455,SXTIQENJRJOCLX-UHFFFAOYSA-N,C16H18O4,274.1205028,A_M12_posPFP_01,4.64,[M+H]+,275.1278,0.0,0.0,0.0,0.0,0.0
unknown456,YYAJJKZSQWOLIP-UHFFFAOYSA-N,C10H11NO3,193.0738896,A_M6_posPFP_01,1.1,[M+H]+,194.0812,0.0,0.0,0.0,0.0,0.0
unknown457,GEQDRLKIGRWJJA-UHFFFAOYSA-N,C32H50O8,562.35055,A_M2_posPFP_01,5.46,[M+NH4]+,0.0,580.3844,0.0,0.0,0.0,0.0
unknown458,HRYHMFTVUSXJPA-ZDUSSCGKSA-N,C21H28O5,360.1936638,A_M14_posPFP_01,5.98,[M+NH4]+,0.0,378.2275,0.0,0.0,0.0,0.0
unknown459,GGCXWTMEZZGUFT-UHFFFAOYSA-N,C20H18O8,386.1001628,A_M19_negPFP_03,3.75,[M-H]-,0.0,0.0,0.0,385.0929,0.0,0.0
unknown460,PEMSRAHOUIFZMA-UHFFFAOYSA-N,C21H38O6,386.2668248,A_M21_negPFP_03,6.38,[M-H]-,0.0,0.0,0.0,385.2596,0.0,0.0
unknown461,UGCSSEQNFFXROR-JTQLQIEISA-N,C10H14O4,198.0892044,A_M2_negPFP_03,1.25,[M-H]-,0.0,0.0,0.0,197.0819,0.0,0.0
unknown462,XVPBINOPNYFXID-LHDUFFHYSA-N,C15H24N2O2,264.1837684,E_M17_posPFP_01,0.82,[M+H]+,265.1911,0.0,0.0,0.0,0.0,0.0
unknown463,MTICHQXHYUJVDV-FGZJIHLKSA-N,C64H100O31,1364.624825,A_M12_negPFP_03,4.49,[M+FA-H]-,0.0,0.0,0.0,0.0,1409.6231,0.0
unknown464,CAMHORNWWUQADP-LBPRGKRZSA-N,C13H19NO2,221.1415714,A_M15_posPFP_01,2.59,[M+H]+,222.1489,0.0,0.0,0.0,0.0,0.0
unknown465,FYSHYFPJBONYCQ-QWHCGFSZSA-N,C23H30O6,402.204228,A_M6_posPFP_01,5.9,[M+H]+,403.2115,0.0,0.0,0.0,0.0,0.0
unknown466,HXAFEJLAMMEJCI-UHFFFAOYSA-N,C15H10O5,270.052821,A_M17_posPFP_01,5.63,[M+H]+,271.0601,0.0,0.0,0.0,0.0,0.0
unknown467,JQVHJLJCMWESHM-UHFFFAOYSA-N,C17H24O5,308.1623654,A_M10_posPFP_01,1.77,[M+H]+,309.1697,0.0,0.0,0.0,0.0,0.0
unknown468,RFRQCFZIUNGRQV-UHFFFAOYSA-N,C15H14O5,274.0841194,A_M19_posPFP_01,3.06,[M+H]+,275.0914,0.0,0.0,0.0,0.0,0.0
unknown469,RTRZNFRQFSTUCO-UHFFFAOYSA-N,C19H36O5,344.2562606,A_M12_posPFP_02,6.22,[M+Na]+,0.0,0.0,367.2455,0.0,0.0,0.0
unknown470,PIJXGSFXLAPZBU-UHFFFAOYSA-N,C21H34O6,382.2355264,A_M14_posPFP_01,4.73,[M+NH4]+,0.0,400.2694,0.0,0.0,0.0,0.0
unknown471,VAUYLVGYXZEEFW-KDPWZIHCSA-N,C26H30O14,566.163548,A_M21_negPFP_03,1.69,[M-H]-,0.0,0.0,0.0,565.1563,0.0,0.0
unknown472,WPAOSTUNVIZRNC-HXUWFJFHSA-N,C20H18O10,418.0899928,A_M19_negPFP_03,5.52,[M-H]-,0.0,0.0,0.0,417.0827,0.0,0.0
unknown473,ZRFSFKIFDYASQA-LACBEWGXSA-N,C18H24O10,400.1369404,A_M2_negPFP_03,3.19,[M-H]-,0.0,0.0,0.0,399.1297,0.0,0.0
unknown474,CLKZWXHKFXZIMA-UHFFFAOYSA-N,C13H12N4O3,272.0909362,E_M17_posPFP_01,3.21,[M+H]+,273.0982,0.0,0.0,0.0,0.0,0.0
unknown475,IQHOCCKALNDTHC-ZDUSSCGKSA-N,C16H30N2O4,314.220546,A_M17_posPFP_01,5.59,[M+H]+,315.2278,0.0,0.0,0.0,0.0,0.0
unknown476,MQYVSPPZNQTARL-OAHLLOKOSA-N,C15H22O2,234.1619712,A_M15_posPFP_01,5.89,[M+H]+,235.1693,0.0,0.0,0.0,0.0,0.0
unknown477,UAMUYXWJNMHHRV-PQTIKSFYSA-N,C24H30O6,414.204228,A_M14_posPFP_01,5.9,[M+H]+,415.2115,0.0,0.0,0.0,0.0,0.0
unknown478,WTKBSOWHEPFXEG-ZDUSSCGKSA-N,C21H28O6,376.1885788,A_M10_posPFP_01,6.05,[M+H]+,377.1959,0.0,0.0,0.0,0.0,0.0
unknown479,YYNSFXBSPOJKAH-UHFFFAOYSA-N,C22H28O4,356.1987488,A_M19_posPFP_01,6.14,[M+H]+,357.206,0.0,0.0,0.0,0.0,0.0
unknown480,FHBPNMGVDGKJOZ-UHFFFAOYSA-N,C21H30O6,378.204228,A_M12_posPFP_01,5.34,[M+NH4]+,0.0,396.2381,0.0,0.0,0.0,0.0
unknown481,WTAMGABZURYMPQ-UHFFFAOYSA-N,C34H42O11,626.2726982,A_M6_posPFP_01,5.9,[M+NH4]+,0.0,644.3065,0.0,0.0,0.0,0.0
unknown482,DIGHTWUQPWHBPG-UHFFFAOYSA-N,C21H43O9P,470.2644558,A_M19_negPFP_03,6.3,[M-H]-,0.0,0.0,0.0,469.2572,0.0,0.0
unknown483,ONMAWHWGRYJWEX-PBAAIBANSA-N,C31H46O12,610.2989116,A_M2_negPFP_03,3.36,[M-H]-,0.0,0.0,0.0,609.2917,0.0,0.0
unknown484,RMIQRQLTVMQCLC-OOWHBKENSA-N,C38H32O20,808.1486872,A_M21_negPFP_03,4.17,[M-H]-,0.0,0.0,0.0,807.1414,0.0,0.0
unknown485,YFFBGKSSWQKSMK-LBPRGKRZSA-N,C12H12O4,220.0735552,A_M13_negPFP_03,0.72,[M-H]-,0.0,0.0,0.0,219.0663,0.0,0.0
unknown486,YWTYJOPNNQFBPC-UHFFFAOYSA-N,C9H10ClN5O2,255.052299,E_M17_posPFP_01,1.96,[M+H]+,256.0596,0.0,0.0,0.0,0.0,0.0
unknown487,HMQSPQLUUHPGBG-PQXYRCRZSA-N,C52H82O21,1042.534832,A_M21_negPFP_03,4.89,[M+FA-H]-,0.0,0.0,0.0,0.0,1087.5331,0.0
unknown488,JWOKGWICZPPYPX-UHFFFAOYSA-N,C17H14O7,330.0739494,A_M17_posPFP_01,4.68,[M+H]+,331.0812,0.0,0.0,0.0,0.0,0.0
unknown489,RYZXGYYJJBGYNG-UHFFFAOYSA-N,C14H21NO4,267.1470506,A_M15_posPFP_01,4.03,[M+H]+,268.1543,0.0,0.0,0.0,0.0,0.0
unknown490,UOHNARRKDSHFLD-VILMZZEPSA-N,C28H42O2,410.3184632,A_M10_posPFP_01,6.37,[M+H]+,411.3258,0.0,0.0,0.0,0.0,0.0
unknown491,AKZZXWNFVQXXFN-DVMTYXMPSA-N,C21H32O8,412.2097072,A_M12_posPFP_01,3.65,[M+NH4]+,0.0,430.2435,0.0,0.0,0.0,0.0
unknown492,KDVYEAVKWMGOPV-CMJOXMDJSA-N,C25H32O8,460.2097072,A_M14_posPFP_01,6.02,[M+NH4]+,0.0,478.2435,0.0,0.0,0.0,0.0
unknown493,KPYQJVYNSWDFQU-TXUJKZCJSA-N,C16H20O8,340.115812,A_M7_posPFP_01,1.63,[M+NH4]+,0.0,358.1496,0.0,0.0,0.0,0.0
unknown494,ZDGWEUBHJUPSEX-ASDNCSIPSA-N,C24H32O15,560.1741122,A_M19_posPFP_01,1.77,[M+NH4]+,0.0,578.2079,0.0,0.0,0.0,0.0
unknown495,CQXZVXNVRFIVCN-UHFFFAOYSA-N,C14H16O6,280.0946836,A_M15_negPFP_03,2.56,[M-H]-,0.0,0.0,0.0,279.0874,0.0,0.0
unknown496,HELVNAROXHFAIE-WRJJPCEFSA-N,C48H76O20,972.4929696,A_M19_negPFP_03,4.42,[M-H]-,0.0,0.0,0.0,971.4857,0.0,0.0
unknown497,SNXYIHBATNUFDM-UHFFFAOYSA-N,C17H14O8,346.0688644,A_M13_negPFP_03,5.65,[M-H]-,0.0,0.0,0.0,345.0616,0.0,0.0
unknown498,XUDCXSSDAZIAPT-IFVSHKQPSA-N,C36H30O16,718.153378,A_M2_negPFP_03,3.41,[M-H]-,0.0,0.0,0.0,717.1461,0.0,0.0
unknown499,ADFCQWZHKCXPAJ-LBPRGKRZSA-N,C15H14O3,242.0942894,E_M17_posPFP_01,4.09,[M+H]+,243.1016,0.0,0.0,0.0,0.0,0.0
